Lease Number,Capital Cost,Cap Cost Adjustment,Downpayment,Trade Amount,Lessee Residual,Lessor Residual,Monthly Depreciation,Monthly Payment,Security Deposit
L1001,46495,0,8980,0,10,10,1071.86,1259,0
L1002,183455,0,60000,0,10,10,2626.49,3304.86,0
L1003,25350,0,2400,0,10,10,655.71,758.69,0
L1004,46300,0,4600,0,10,10,1363.67,1467.86,0
L1005,305936,-241274.6,30193.6,0,10,10,584.2,708.53,0
L1006,39000,0,3850,0,10,10,721.56,903.49,0
L1007,174561,0,16964,0,10,10,3030.71,3606.59,0
L1008,41500,0,7500,0,10,10,1172.07,1324.64,0
L1009,24862.4,0,2350,0,10,10,643.21,744.22,0
L1010,123384.82,0,12200,0,10,10,2316.02,2713.55,0
L1011,171305,0,16340.5,0,10,10,3406.8,4000.97,0
L1012,88750,0,8625,0,10,10,1357.88,1697.48,0
L1014,27037.5,0,2600,0,10,10,1062.07,1171.59,0
L1015,92630,0,8625,0,10,10,1423.64,1849.61,0
L1017,237750,0,11850,0,44000,44000,3031.67,3987.52,0
L1017A,93726.25,0,0,0,22000,22000,1434.53,1861.61,0
L1018,108290,0,10750,0,10,10,2031.88,2575.98,0
L1019,35145,0,3300,0,10,10,1097.76,1211.62,0
L1020,40340.24,0,1905.45,0,10,10,817.55,986.92,0
L1021,87750.2,0,8437.52,0,10,10,1344.11,1630.36,0
L1022,181395,0,17850,0,10,10,4672.43,5329.2,0
L1023,61950,0,100,0,10,10,1766.86,2015.26,0
L1024,35300,0,3500,0,10,10,1096.21,1283.24,0
L1025,95607.78,-9400,0,0,10,10,1593.3,1743.86,1831.05
L1026,20436.8,-1200,0,0,10,10,583.62,658.48,0
L1027,56300,0,5300,0,10,10,1416.39,1667.03,0
L1028,27820,0,4000,0,2000,2000,752.41,956.83,0
L1029,50250,0,2500,0,0,0,1015.96,1209.28,0
L1030,36750,0,100,0,10,10,1017.78,1190.98,0
L1031,43690,0,11500,0,10,10,867.43,1145.2,1315.13
L1031A,29450.29,0,12000,0,250,250,1323.1,1428.5,0
L1032,93598.23,0,5000,0,9312.13,9312.13,1324.8,1696.21,0
L1033,84125,0,3896.25,0,10,10,1706.78,2032.99,0
L1034,35995,0,5025,0,10,10,1138.76,1265.11,0
L1035,34945,0,4875,0,10,10,1105.66,1226.22,0
L1036,43745,0,855.96,0,10,10,726.76,855.96,0
L1037,29543.35,0,1460,0,10,10,475.82,570.46,0
L1039,87715,0,13000,0,10,10,1556.35,1894.08,0
L1040,34745,0,3275,0,10,10,873.89,1022.62,0
L1041,71143.86,0,4000,0,10,10,1428.38,1668.3,0
L1042,42335.11,0,1188.69,0,10,10,1003.33,1188.69,0
L1043,22970,0,2100,0,10,10,596,699.51,0
L1044,125813.43,0,30250,0,10,10,2497.04,2991,0
L1045,52845,0,5035,0,10,10,1327.78,1531.26,0
L1046,102710,0,4775,0,10,10,1662.88,1915.01,0
L1047,83598.2,0,4100.16,0,10,10,1330.23,1617.89,0
L1048,27000,0,1628.68,0,10,10,1491.84,1628.68,0
L1049,110692.45,0,11000,0,10,10,2120.9,2436.84,0
L1050,148495,0,36250,0,10,10,2117.64,2609.51,1000
L1051,21950,0,1038,0,10,10,991.4,1022.74,0
L1053,68050,0,5500,0,10,10,1330.64,1583.34,0
L1054,185683.62,0,18375,0,10,10,2835.57,3320.3,0
L1055,125900,0,5000,0,22000,22000,1648.33,2143.83,0
L1056,97595,0,10000,0,10,10,1484.49,1851.12,0
L1057,34800,0,1740,0,10,10,806.1,939.45,0
L1058,80300,0,4000,0,10,10,1293.05,1623.56,0
L1059,36495,0,6500,0,10,10,1665.83,1883.47,5932.94
L1060,101570.79,0,9565,0,10,10,1559.25,1935.42,0
L1061,113574.45,0,4595.64,0,10,10,1878.77,2297.82,0
L1062,77894.87,0,10000,0,200,200,2015.63,2239.06,0
L1063,72325,0,14000,0,10,10,1208.09,1581.09,0
L1064,73421,-3332.79,1000,0,10,10,1170.83,1419.72,0
L1065,101100,-25150,500,0,10,10,2601.05,2869.3,0
L1066,38800,0,500,0,1905.76,1905.76,1643.79,1871.76,0
L1067,50600,0,5000,0,10,10,1302.57,1464.62,0
L1068,177300,0,8850,0,10,10,2807.33,3359.16,0
L1069,183446,0,8745,0,10,10,3296.06,3959.25,1000
L1070,319224.84,0,15000,0,15000,15000,4820.41,5893.87,0
L1071,105928.5,0,8000,0,10,10,1632.14,1997.24,0
L1072,197445,0,9320,0,10,10,3188.39,3764.45,0
L1073,139395,0,6300,0,10,10,2218.08,2855.78,0
L1074,62100,0,2900,0,10,10,1044.17,1225.27,0
L1075,63295,0,6300,0,10,10,1313.48,1525.42,0
L1076,42182.71,0,3980,0,10,10,647.33,861.88,0
L1077,189476.8,0,9500,0,10,10,3050.28,3529.07,0
L1078,94738.4,0,4750,0,10,10,1525.06,1764.46,0
L1079,82496.64,0,7610.8,0,10,10,1269.08,1574.9,0
L1080,42450,495,2007.5,0,10,10,870.82,1034.64,0
L1081,254300,0,4890.59,0,10,10,4227.11,4890.59,0
L1082,75000,495,7300,0,10,10,2351.21,2593.68,0
L1083,47000,495,2250,0,10,10,1292.43,1462.17,0
L1084,50992.59,0,2500,0,10,10,1496.03,1638.72,0
L1085,26750,0,2500,0,10,10,835.86,956.05,0
L1086,60055,0,5750,0,10,10,1551.29,1782.54,0
L1087,49800,0,4950,0,10,10,1125.82,1466.33,0
L1088,90145,0,4307.5,0,10,10,1454.7,1818.34,0
L1089,198519.98,0,3635.65,0,19551.96,19551.96,2971.74,3635.65,0
L1090,79918,0,3896.15,0,10,10,1266.86,1505.72,0
L1091,159341,0,7792.3,0,105,105,2523.85,2993.56,0
L1092,35810.77,-1319.57,0,0,10,10,1234.51,1319.57,0
L1093,25300,-9555.66,798.3,0,10,10,426.85,486.96,0
L1094,50100,0,7290,0,10,10,1222.86,1419,0
L1095,47595,-495,4600,0,10,10,1214,1444.92,0
L1096,68150,0,9802.5,0,10,10,1241.44,1427.61,0
L1097,77995,0,5000,0,10,10,1237.03,1531.95,0
L1098,388880,0,40000,0,140000,140000,4351.67,4849.66,0
L1099,16200,0,3500,0,10,10,362.57,431.55,0
L1100,104888.72,0,0,0,22000,22000,1625.27,2125.95,0
L1101,178245,0,25950,0,10,10,2581.1,3203.74,0
L1102,50370,0,4900,0,10,10,967.23,1119.3,0
L1103,31845,0,3149.5,0,10,10,1247.2,1421.5,0
L1104,157750,0,5954.87,0,10,10,5233.97,5838.25,0
L1105,35800,0,3500,0,10,10,1113.45,1243,0
L1106,43443.77,0,5000,0,10,10,1098.11,1217.09,0
L1107,34480,-18308.12,1710,0,10,10,413.07,471.23,0
L1108,127173.55,0,5850.9,0,10,10,2056.15,2500.7,0
L1109,71650,0,3567.5,0,10,10,1448.35,1676.03,0
L1110,134305,0,5000,0,22000,22000,1759.1,2262.04,0
L1111,77422.38,0,10000,0,10,10,1142.58,1419.88,0
L1112,175745,0,25000,0,10,10,2554.83,3244.66,0
L1113,51450,0,4945,0,10,10,989.26,1177.75,0
L1114,36520,0,3275,0,10,10,707.13,873.64,0
L1115,51450,0,4945,0,10,10,989.26,1177.75,0
L1116,68719,-48822.78,6200,0,10,10,391.26,466.66,0
L1117,32300,0,1575,0,10,10,653.51,763.05,0
L1118,183901.5,0,17100,0,10,10,2826.97,3388.95,0
L1119,35725.31,0,1730,0,10,10,1075.05,1223.39,0
L1120,72699,0,40000,0,10,10,933.97,1095.35,0
L1121,43425,0,5500,0,10,10,798.04,956,0
L1122,10600,0,329.67,0,10,10,293.15,329.67,0
L1123,37895,0,3500,0,10,10,731.6,881.58,0
L1124,7900,0,350,0,10,10,251.33,284.69,0
L1125,18143.08,0,900,0,10,10,1013.71,1115.5,0
L1126,74400,0,3700,0,10,10,1504.04,1704.13,0
L1127,53250,0,2650,0,10,10,1076.38,1279.21,0
L1128,37895,0,5000,0,10,10,1133.97,1373.29,5932.94
L1129,42000,0,1000,0,10,10,1171.14,1288.69,0
L1130,31300,0,622.12,0,14500,14500,462.23,622.12,0
L1131,62095,0,6839,0,10,10,1175.45,1517.26,0
L1132,47700,0,4500,0,10,10,918.94,1078.58,0
L1133,135495,-58738.33,13500,0,10,10,1542.55,1854.49,0
L1134,58300,0,11000,0,10,10,1007.1,1270.21,0
L1135,94995,0,2826.26,0,1,1,2750,708.52,0
L1136,27300,0,2730,0,10,10,1067.83,1183.62,0
L1137,62150,0,20000,0,10,10,897,1068.88,0
L1140,50045,0,7161.75,0,10,10,1190.92,1457.75,0
L1141,36720,750,3400,0,10,10,1070.29,1101.26,0
L1142,74793,100,6990,0,10,10,1444.68,1717.3,1940.55
L1143,119700,0,17100,0,10,10,2137.29,2480.58,0
L1144,218099,0,48672.57,0,500,500,2816.22,3404.71,0
L1145,60300,0,13664.03,0,10,10,1332.17,1744.45,5913.7
L1146,55940,0,7425,0,10,10,1032.02,1274.99,1445
L1148,65745,0,16942.5,0,10,10,1355.35,1506.63,0
L1149,56855.63,0,13000,0,10,10,1461.52,1696.97,0
L1150,11996.8,0,2221.63,0,10,10,271.53,324.44,0
L1151,42895,0,8500,0,10,10,1185.69,1237.39,1398.25
L1153,68700,0,20000,0,10,10,1391.14,1609.7,0
L1154,151450,0,85000,0,10,10,1126.1,1331.16,0
L1155,91999.35,0,7184.32,0,10,10,2569.85,2881.24,0
L1156,67995,0,6500,0,10,10,1280.94,1501.1,0
L1157,62350,0,15337.5,0,10,10,1305.63,1462.13,0
L1158,51000,0,2425,0,10,10,1033.3,1195.75,0
L1159,45015,0,6300,0,10,10,1433.52,1606.9,0
L1160,61800.12,0,11800,0,10,10,1219.27,1492.36,0
L1161,48300,0,4650,0,10,10,1504.83,1698.27,0
L1162,176195,0,10000,0,10,10,2816.69,3298.32,0
L1163,49621.96,0,4700,0,10,10,1247.55,1444,0
L1164,28450,0,1250,0,10,10,566.46,673.48,0
L1165,95400,-45442.22,4515.56,0,10,10,987.77,1128.89,0
L1166,41007.82,0,10000,0,10,10,1722.1,1890.27,0
L1167,29050,0,5600,0,10,10,669.71,808.26,0
L1168,77800,0,12779.33,0,10,10,5910.06,6209.74,0
L1169,91850,0,3000,0,250,250,1610.91,1817.13,0
L1170,31800,0,6000,0,10,10,1121.3,1254.86,0
L1171,93550,0,4000,0,10,10,1517.63,1735.35,0
L1172,135069,0,14106.77,0,10,10,2352,2821.19,0
L1173,27650,0,1400,0,10,10,1140.87,1245.23,0
L1174,145595,0,14106.77,0,10,10,2558.4,3064.1,0
L1175,48150,0,4500,0,10,10,928.51,1089.82,0
L1176,32300,0,1600,0,10,10,876.86,971.88,0
L1177,41000,0,1545.75,0,8000,8000,1367.58,1545.75,0
L1178,89495,-43641.34,12900,0,10,10,803.64,913.53,0
L1179,24104.55,0,1103.25,0,10,10,656.89,738.76,0
L1180,30450,0,1450,0,10,10,1260.43,1357.19,0
L1181,80159.88,0,7800,0,10,10,1226.27,1402.04,0
L1182,73295,-39783.34,13620,0,5,5,485.08,556.02,0
L1183,36100,0,1500,0,10,10,1503.91,1627.23,0
L1184,49220,0,11500,0,10,10,1300.34,1447.46,0
L1185,114999,0,14000,0,10,10,1553.68,1907.54,0
L1187,91274.84,0,2742.91,0,10,10,2529.2,2742.91,0
L1188,40395,0,7600,0,10,10,1425.43,1534.85,0
L1189,36245,0,6800,0,10,10,841,971.78,0
L1190,59635,0,8850,0,10,10,1208.93,1396.05,0
L1191,9350,0,600,0,10,10,582.67,634.14,0
L1193,60850,-3000,0,0,10,10,1738.29,1792.23,0
L1194,72080,0,3579,0,10,10,1457.26,1648.29,0
L1196,99375,0,14062.5,0,10,10,1445.81,1836.22,0
L1197,90084.76,-42888.78,4307.2,0,10,10,912.42,1055.85,0
L1198,98395,0,12975,0,10,10,1817.23,2179.35,0
L1199,111625,0,5531.25,0,10,10,1798.03,2080.77,0
L1200,28710,0,2600,0,10,10,725,828.83,0
L1201,92500,0,18500,0,10,10,2114,2326.48,0
L1202,69670.02,0,4000,0,13000,13000,892.71,1139.98,0
L1204,28350,0,15434.2,0,10,10,759.16,814.48,0
L1205,56200,0,25000,0,10,10,891.14,1028.25,0
L1206,38294.37,0,3000,0,10,10,1008.12,1165.7,0
L1207,126019.64,0,15000,0,10,10,2312.7,2839.63,0
L1208,172932.88,0,8400,0,10,10,2788.52,3227.16,0
L1209,28200,0,2700,0,10,10,878.97,968.49,0
L1210,24211.8,0,1064.75,0,10,10,564.32,638.85,0
L1211,90339.65,0,4385.42,0,10,10,1456.68,1717.88,0
L1212,58995,0,2900,0,10,10,1335.36,1483.98,0
L1213,201500,-19800,0,0,10,10,6716.33,6536.34,0
L1214,19500,0,5000,0,7500,7500,304.35,367.4,0
L1215,74745,0,7200,0,10,10,2936.3,3235.84,0
L1216,148500,0,3462.86,0,10,10,3085.68,3462.86,0
L1217,39750,0,3900,0,10,10,874.15,1013.04,0
L1218,27257.03,0,3070,0,10,10,895.45,1048.26,0
L1219,86291.3,0,3865.3,0,10,10,1267.94,1484.9,0
L1220,36250,0,3475,0,10,10,910.14,1057.32,0
L1221,20825,0,1000,0,10,10,861.52,950.38,0
L1222,67495,0,3000,0,10,10,1572.8,1790.85,0
L1223,131500,0,10000,0,10,10,4189.31,4702.35,0
L1224,169256.96,0,8400,0,10,10,4595.63,4981.01,0
L1225,2418.99,0,0,0,10,10,185.31,211.63,0
L1226,12844.44,0,0,0,2000,2000,285.38,377.85,0
L1227,7061.95,0,0,0,10,10,271.23,319.33,0
L1228,37000,0,3550,0,10,10,955.43,1105.56,0
L1229,28300,-10705.45,2700,0,10,10,620.36,693.99,0
L1230,49555,0,4372.25,0,10,10,961.12,1165.41,0
L1231,19665,0,916.17,0,10,10,814.73,916.17,0
L1232,61161.33,0,3000,0,10,10,985.62,1126.9,0
L1233,48072.55,-22647.61,4450,0,10,10,911.75,1034.9,11297.1
L1234,70800,-29064.71,6000,0,10,10,300,2935.87,0
L1235,13845,0,4384.43,0,10,10,410.89,442.48,0
L1236,134098.17,-85028.84,6554.9,0,10,10,2161.58,2495.56,0
L1237,178241,0,8800,0,10,10,4840.89,5365.21,0
L1238,37770,0,3550,0,10,10,950.28,1072.17,0
L1239,97545,0,15000,0,10,10,1557.26,1844,0
L1240,58785.92,0,5618.9,0,10,10,900.97,1058.47,0
L1241,24495,-2400,0,0,10,10,800,1041.5,0
L1242,58605.19,0,5600,0,10,10,1127.56,1364.93,0
L1243,89962.57,0,4300,0,10,10,1822.4,2045.57,0
L1244,41900,0,4000,0,10,10,1082.57,1252.67,0
L1245,95995,0,18000,0,10,10,1471.42,1751.56,0
L1246,48195,0,4500,0,10,10,910.1,1064.5,0
L1247,85695,0,12450,0,10,10,3051.46,3482.09,0
L1248,29400,0,8500,0,10,10,1228.82,1371.21,1549.47
L1249,73635,0,6900,0,10,10,1390.1,1625.89,0
L1250,66275,0,5000,0,10,10,1303.51,1542.93,0
L1251,53775.84,0,5170.22,0,10,10,1185.26,1358.59,0
L1252,106995,-53842.82,15975,0,5,5,906.66,1039.24,0
L1253,136450,0,30000,0,10,10,2217.5,2643.79,0
L1254,77914.06,0,11300,0,500,10,100,1907.45,0
L1255,95328.9,0,9031.8,0,10,10,1462.49,1730.82,0
L1256,100335,-39330.68,20000,0,10,10,999.98,1146.21,0
L1257,22200,0,0,0,10,10,1849.17,1996.02,5650
L1258,155516.66,0,15386.34,0,10,10,2374.92,2715.29,0
L1259,103833.14,0,5128.78,0,10,10,1672.79,1910.72,0
L1260,41155,0,3800,0,10,10,1287.76,1442.07,0
L1261,13500,0,2500,0,10,10,915.83,971.16,0
L1262,202789.94,0,30000,0,10,10,3676.17,4094.76,0
L1263,51100,0,5100,0,10,10,1121.71,1307.02,0
L1264,70800,0,10000,0,10,10,1688.61,1863.21,4210.86
L1265,69300,0,500,0,10,10,2372.07,2662.6,0
L1266,61495,0,9074,0,10,10,1091.9,1301.84,0
L1267,23980.89,0,1175,0,10,10,651.31,711.12,0
L1268,57159.78,0,0,0,10,10,1329.06,1498.09,0
L1269,42250,0,5500,0,10,10,1049.71,1223.28,0
L1270,45650,0,4365,0,10,10,1179.29,1353.95,0
L1271,43295,0,4050,0,10,10,1121,1265.18,0
L1272,219285.52,-160645.44,18478.73,0,10,10,3403.34,3929.14,0
L1273,22508.29,0,0,0,10,10,608.06,680.99,0
L1274,89750,0,25000,0,10,10,1579.02,1863.24,0
L1275,68745,0,6500,0,8000,8000,1549.86,1811.85,0
L1276,58294,-34664.83,6650,0,10,10,485.03,568.83,0
L1277,16106.21,0,2000,0,10,10,486.08,555.49,0
L1278,41855,0,3800,0,10,10,1087,1235.61,0
L1279,150495,0,12500,0,10,10,5999.35,6428.1,0
L1280,44408,0,4000,0,10,10,841.63,967.44,0
L1281,61025,0,7471.88,0,10,10,907.51,1098.15,0
L1282,60297.94,0,5500,0,10,10,1521.89,1755.1,0
L1283,59000,0,5600,0,10,10,1135.96,1320.77,0
L1284,80770,0,16000,0,10,10,1377.87,1654,0
L1285,60620,0,5000,0,10,10,1324.05,1580.07,0
L1286,48195,0,5500,0,10,10,908.19,1034.68,0
L1287,42245,0,7000,0,10,10,1215,1389.56,0
L1288,65294.43,-42085.59,9750,0,10,10,585.06,635.79,0
L1289,59461.32,0,2000,0,10,10,973.75,1113.67,0
L1290,76794.87,-33347.54,7200,0,5,5,883.95,1051.53,0
L1291,30260,0,2800,0,10,10,784.29,911,0
L1292,59000,-31186.21,5800,0,10,10,628.85,713.99,0
L1293,43500,0,2125,0,10,10,1181.86,1310.48,0
L1294,184053.21,0,8886.95,0,10,10,3726.73,3947.98,0
L1295,22730,0,1025,0,10,10,529.15,605.56,0
L1296,25399.55,0,0,0,10,10,686.2,748.7,0
L1297,191419.88,0,9200.89,0,10,10,3876.79,4109.01,0
L1298,71800,0,15000,0,10,10,1577.5,1856.64,5000
L1299,11695,0,1000,0,10,10,562.37,615.87,0
L1300,41550,0,8000,0,10,10,1458.26,1655.27,0
L1301,13535.5,0,1265,0,10,10,350.3,398.24,0
L1302,110489,0,15000,0,10,10,2727.97,3067.27,0
L1303,80345,0,15659,0,10,10,1376.09,1667.3,0
L1304,71761.14,-23920.38,0,0,10,10,996.55,1107.41,0
L1305,25595,0,1000,0,10,10,702.43,808.22,0
L1306,126100,0,6225,0,10,10,2031.61,2322.78,0
L1307,43516.71,0,3000,0,10,10,1557.95,1720.49,0
L1308,121114.33,0,6000,0,10,10,3288.7,3566.57,0
L1309,53470,0,4800,0,10,10,1158.57,1365.31,0
L1310,26495,0,500,0,10,10,1129.78,1282.44,0
L1311,128600,0,6375,0,10,10,3491.86,3779.19,0
L1312,48100,0,0,0,10,10,1001.88,1113.35,0
L1313,179330,-42582.5,9000,0,10,10,2886.78,3336.74,0
L1314,28130,0,2683,0,10,10,1496.29,1628.73,0
L1315,11750,0,500,0,10,10,321.14,357.06,0
L1317,24000,0,1175,0,10,10,485.43,555.41,0
L1318,126875.35,0,6250,0,12518,12518,1689.18,2149.49,0
L1319,34800,0,1650,0,10,10,705.11,807.51,0
L1320,95995,0,5000,0,5500,5500,1357.06,1584,0
L1321,32650,0,3000,0,10,10,823.33,976.8,0
L1322,37150,-25646.92,1825,0,5,5,322.51,347.9,29981.02
L1323,56800,0,5600,0,10,10,1089.15,1314.76,0
L1324,224372.92,0,11064.9,0,10,10,6094.23,6609.11,0
L1325,83700,0,8300,0,10,10,1604.04,1870.28,0
L1326,27295,0,2000,0,10,10,722.43,797.96,0
L1327,31995,0,3000,0,10,10,828.14,943.4,0
L1328,171783.43,0,8500,0,10,10,2767.35,3163.95,0
L1329,88822.22,0,3000,0,10,10,2383.67,2606.35,0
L1330,199455,0,14250,0,10,10,3138.9,3914.04,0
L1331,73600,0,7330,0,10,10,1409.79,1585.17,0
L1332,46861.6,0,2150,0,10,10,757.65,913.63,0
L1333,412750,0,30000,0,250,250,8138.3,9091.59,0
L1334,40307.31,0,5775,0,10,10,986.35,1130.04,0
L1335,88795,0,8500,0,10,10,1672.6,1941.44,0
L1336,55220.19,0,10000,0,10,10,1558.97,1564.8,0
L1337,44475,0,4870,0,200,200,842.45,1127.12,2369.64
L1338,75232.94,0,7200,0,10,10,1447.3,1626.1,0
L1339,202040.14,0,15005,0,10,10,2537.09,3013.84,0
L1340,40500,-6200,3950,0,10,10,842.78,940.34,0
L1341,100750,0,10000,0,500,500,2506.94,2800,0
L1342,29425,0,2900,0,10,10,914.31,990.41,0
L1343,65995,0,20000,0,10,10,1999.35,2168.51,0
L1344,47300,0,4600,0,10,10,1219.71,1367.13,0
L1345,63099,0,10000,0,100,100,1361.26,1700.96,0
L1346,189035,0,18100,0,10,10,3225,3778.56,0
L1347,96300,0,9200,0,10,10,2809.35,3177.28,0
L1348,286500,0,8500,0,10,10,5914.68,6619.82,0
L1349,41800,0,2025,0,10,10,750.28,935.15,0
L1350,220175,0,20900,0,10,10,3377.37,3978.21,0
L1351,50195.42,0,2323,0,10,10,1018.35,1195.26,0
L1352,34045,0,1038.16,0,10,10,942.77,1038.16,0
L1353,64745,0,6075,0,10,10,1676,1891.52,10000
L1354,81858,0,3612.5,0,10,10,1203.62,1449.35,0
L1355,126255,0,6213,0,10,10,2264.75,2710.13,0
L1356,18600,0,1800,0,10,10,883.68,955.38,0
L1357,68669.23,0,13145,0,10,10,1586.12,1966.81,0
L1358,43500,0,1613.32,0,10,10,1444.02,1613.32,0
L1359,58909.92,0,2805,0,10,10,1193.51,1368.03,0
L1360,185830,0,8975,0,10,10,2947.42,3411.56,0
L1361,103865,0,5000,0,10,10,1647.58,1911.34,0
L1362,31300,0,1500,0,10,10,633.83,726.44,0
L1363,69500,0,6550,0,10,10,1535.12,1826.15,0
L1364,89826.41,0,4473.82,0,100,10,1444.96,1686.57,0
L1365,54545.15,0,5000,0,100,100,1053.94,1592.62,0
L1366,60637.5,0,2887.5,0,10,10,1228.51,1388.24,0
L1367,36750,0,1762.5,0,10,10,744.2,844.2,0
L1368,173970.06,0,8500,0,10,10,2804.41,3322.14,0
L1369,59403.24,0,5520,0,10,10,2342.31,2540.48,0
L1370,59888.59,0,5850,0,10,10,1317.77,1485.51,0
L1371,104500,0,9880,0,10,10,1785.09,2091.52,0
L1372,62500,0,3000,0,10,10,1265.74,1416.68,0
L1373,181745,0,8975,0,10,10,2928.14,3344.91,0
L1374,62575,0,8325,0,10,10,1322.93,1567.05,0
L1375,63105,0,5925,0,10,10,1633.43,1808.04,2500
L1376,16631.57,0,630.48,0,10,10,551.42,630.48,0
L1377,94300,0,4600,0,100,10,1518.64,1819.01,0
L1378,116782.5,0,5537.5,0,10,10,2098.77,2443.43,0
L1379,70400,-34511.28,6650,0,100,10,835.26,992.83,0
L1380,78500,0,3800,0,10,10,1589.15,1802.62,0
L1381,45024,0,4288,0,10,10,690.27,855.85,0
L1382,60935.25,0,6013.5,0,150,10,1168.34,1371.47,1549.76
L1383,61357,0,5955.7,0,10,10,1178.54,1362.52,0
L1384,255309.56,0,25600,0,10,10,3893.21,4452.21,0
L1385,61200,0,3000,0,10,10,1238.09,1392.38,0
L1386,92995,-58996.67,4500,0,10,10,719.39,809.59,2745
L1387,32000,0,1525,0,10,10,648.19,735.3,0
L1388,99018.58,0,9300,0,10,10,2188.01,2462.59,0
L1389,130810,0,6500,0,10,10,3551.43,3874.51,0
L1390,81525,0,7515,0,150,10,1574.47,1823.93,0
L1391,171741.87,0,8251.5,0,10,10,2770.85,3187.74,0
L1392,69300,0,6750,0,10,10,2084.67,2378.21,0
L1393,118995,-74528.43,11600,0,5,5,938.96,1042.25,0
L1394,106064.15,0,5017.45,0,100,10,1981.11,2235.19,0
L1395,157795,0,7350,0,150,10,2314.38,2734.35,0
L1396,58700,0,2500,0,10,10,1170.63,1369.19,0
L1397,89854.64,0,8725.8,0,10,10,1725.93,1969,0
L1398,197047.25,-142653.18,19204.73,0,150,10,5080.93,5612.03,0
L1399,83250,0,11850,0,150,10,1518.94,1876.33,0
L1400,201336.2,0,9845.8,0,10,10,3245.43,3844.55,0
L1401,11675,0,0,0,10,10,507.17,518.82,0
L1402,84559,0,2124.8,0,10,10,1753.71,2124.82,0
L1403,55295,0,5100,0,150,10,1433.86,1587.4,2500
L1404,234125.5,0,23012.55,0,150,10,3578.02,5571.59,0
L1405,51750,0,2512.5,0,10,10,1406.5,1546.77,0
L1406,149545.15,0,0,0,10,10,2492.25,2860.07,0
L1407,228221,0,11065,0,150,10,3680.44,4234.11,0
L1408,34199,0,6539.8,0,150,10,789.98,904.68,0
L1409,56925,0,5075,0,10,10,1264.39,1431.31,0
L1410,83300,0,12075,0,150,10,1736.95,2091.56,0
L1411,90625,0,8350,0,150,10,2350.43,2691.05,0
L1412,187173.92,0,15000,0,150,10,3248.38,3625.38,0
L1413,48985.14,0,4550,0,750,750,1083.54,1242.02,0
L1414,37163,0,7100,0,150,10,1252.21,1381.49,0
L1415,66995,0,6400,0,150,10,1731,1960.84,0
L1416,47655,0,5900,0,10,10,1815,1997.29,0
L1417,32600,0,6200,0,150,10,1147.39,1277.08,0
L1418,48395,0,4549.5,0,150,10,1252.44,1374.62,0
L1419,46800,0,9000,0,150,10,1079.71,1354.31,0
L1420,31994.94,0,3000,0,150,10,828.14,941.38,0
L1421,122000,0,15000,0,150,10,1813.39,2212.31,0
L1422,47300,0,10000,0,10,10,1621.3,1838.76,0
L1423,51700,0,5050,0,150,150,1328.57,1536.31,0
L1424,117300,0,11500,0,0,0,3500,1500,0
L1425,15760,0,0,0,150,10,926.47,1027.67,3000
L1426,56695,0,1115.84,0,150,10,941.85,1115.84,0
L1427,90950,0,8850,0,150,10,3000,2599.75,0
L1428,68300,0,3400,0,150,10,1854,2011.81,0
L1429,117915,0,5700,0,150,10,2387.34,2684.49,0
L1430,139130.88,0,13894,0,150,10,2122.49,2568.41,0
L1431,142680,0,7000,0,10,10,2261.17,2638.73,0
L1432,27582.71,0,1350,0,150,10,904.23,1000,0
L1433,109180,0,5300,0,150,10,1760.51,2130.41,0
L1434,35709.46,0,1760.47,0,10,10,1028.45,1179.09,0
L1435,102222,0,5103.6,0,150,10,1645.91,1916.02,0
L1436,138756,0,10500,0,15500,15500,1734.71,2177.53,0
L1437,117445,-41747.9,16502.25,0,10,10,1691.11,1915.39,0
L1438,175250,-55579.17,8512.5,0,150,10,1710.03,2020.31,0
L1439,63967.15,0,5772.5,0,150,10,1419.14,1478.94,0
L1440,37765,0,0,0,150,10,1048.75,1159.31,0
L1441,89650,0,12609.75,0,150,10,2200.86,2493.01,0
L1442,35997.6,0,1659,0,150,10,980.82,1103.11,0
L1443,104572.31,0,5136.25,0,150,10,2115.45,2483.05,0
L1444,72800,0,10500,0,150,10,1325.32,1541.11,0
L1445,198135,0,9656.75,0,150,10,3194.38,3757.5,0
L1446,69400,0,3400,0,150,10,1609.51,1788.64,0
L1447,91678.74,0,4510,0,150,10,1477.27,1719.86,0
L1448,30335,0,2975,0,150,10,781.43,856.9,0
L1449,67237.5,0,13000,0,150,10,1322.62,1527.62,0
L1450,113295,0,5475,0,150,10,2293.83,2692.41,0
L1451,169820.52,2193.2,0,0,150,10,2830.18,3278.31,0
L1452,192496.16,0,9240.2,0,150,10,3105.86,3615.68,0
L1453,69599,0,5000,0,150,10,1364.23,1575.94,0
L1454,115000,0,5500,0,150,10,1855.76,2132.35,0
L1455,58000,0,8610,0,150,10,1702.76,1901.07,0
L1456,67800,0,6550,0,150,10,1749.71,1988.88,0
L1457,72800,0,3600,0,150,10,1472.13,1639.66,0
L1458,67699,0,6550,0,150,10,1746.83,1963.25,0
L1459,51521.06,0,2500,0,150,10,1690.04,1831.99,0
L1460,139320,0,13750,0,150,10,3587.43,3973.96,0
L1461,80460.19,0,30000,0,100,10,2193.49,2371.41,0
L1462,58540,0,5600,0,150,10,1357.18,1533.8,0
L1463,123550,0,0,0,150,10,2059,2362.91,0
L1464,63565.84,0,12224.2,0,150,10,1466.62,1643.39,0
L1465,138300,0,6700,0,150,10,2799.79,3224.72,0
L1466,263000,0,26000,0,150,10,3646,4279.59,0
L1467,50785,0,4900,0,150,10,1310.71,1478.47,0
L1468,54080,0,2600,0,150,10,1095.11,1272.26,0
L1469,86977.44,0,8500,0,150,10,1913.84,2249,0
L1470,197886.4,0,9600,0,150,10,3191.13,3692.16,0
L1471,125800,0,11000,0,150,10,2250.78,2711.71,0
L1472,63948.48,0,5000,0,150,10,1254.01,1422.66,0
L1473,30300,0,5000,0,150,10,1099.57,1223.87,0
L1474,82800,0,4025,0,150,10,1675.85,1991.27,0
L1475,126900,0,12300,0,150,10,2438.09,2755.21,0
L1476,62133.77,0,6075,0,150,10,949.98,1176.61,0
L1477,53700,0,0,0,10,10,1789.67,1942.48,0
L1478,192888.81,0,18518.16,0,150,10,2955.27,3440.37,0
L1479,110855,0,0,0,150,10,1847.42,2115.18,0
L1480,66765.05,0,1827.67,0,150,10,1381.43,1553.78,0
L1481,181537.75,-57575.08,8812.5,0,150,10,2927.38,3387.82,0
L1482,31495,0,0,0,150,10,1311.88,1401.28,0
L1483,50690,0,2375,0,150,10,1027.77,1206.31,0
L1484,207911.03,0,30000,0,150,10,3015.27,3564.38,0
L1485,68900,0,3275,0,150,10,1874.71,2055.95,0
L1486,207911.03,0,30000,0,150,10,3015.27,3564.38,0
L1487,90195,0,17179,0,150,10,2085.89,2430.94,0
L1488,38800,0,3600,0,150,10,1005.43,1118.82,0
L1489,50474.53,0,4750,0,150,10,972.65,1147.18,0
L1490,50474.53,0,4750,0,150,10,972.65,1147.18,0
L1491,71410.86,0,6900,0,150,10,1217,1464.18,0
L1492,385945,0,18712.5,0,150,10,5649.58,6631.44,0
L1493,106700,0,10170,0,150,10,1635.93,2120.73,7900
L1494,110000,0,14000,0,22000,22000,1254.24,1564.62,0
L1495,128925,0,6125,0,150,10,2612.55,2989.16,0
L1496,237066.01,0,11700,0,75,10,3467.02,4096.05,0
L1497,118533,0,5850,0,75,10,1733.43,2048.02,0
L1498,142476.36,0,6937.5,0,150,10,2883.59,3274.21,0
L1499,91102.6,0,8000,0,150,10,1767.93,1994.14,0
L1500,92545,0,8575,0,150,10,1986.38,2292.17,0
L1501,186844,0,20000,0,150,10,2827.69,3665.5,0
L1502,48750,0,20000,0,150,10,821.14,977.61,0
L1503,53700,0,5240,0,150,10,1030.85,1208.97,0
L1504,117154.68,0,5750,0,150,10,2062.86,2474,0
L1505,187050,0,10000,0,500,10,3766.81,4246.99,0
L1506,162420,0,23388.75,0,150,10,2356.29,3054.46,0
L1507,53625,0,5013,0,150,10,1185.41,1425.43,0
L1508,100529.34,0,9600,0,150,10,3135.15,3454.6,0
L1509,152590,0,7250,0,150,10,3092.13,3494.26,0
L1510,22800,0,2100,0,150,10,713.45,780.3,0
L1511,146749.42,0,14550,0,150,10,2812.54,3254.06,6833.52
L1512,67225,0,6075,0,150,10,1491.22,1723.74,0
L1513,75460,0,3589.75,0,150,10,1528.94,1769.47,0
L1514,51295,0,4850,0,150,10,987.98,1218.51,1500
L1515,68522.4,0,0,0,150,10,1123.15,1299.66,0
L1516,188833.71,0,9072,0,150,10,2765.41,3348,0
L1517,160720,0,30000,0,150,10,3734.57,4376.74,0
L1518,91822.4,0,0,0,150,10,1530.21,1776.62,0
L1519,108368,0,12000,0,150,10,1818.08,2303.26,0
L1520,108368,0,12000,0,150,10,1818.08,2303.26,0
L1521,71300,0,3500,0,150,10,1442.34,1621.96,0
L1522,47200,0,4600,0,10,10,1419.67,1569.49,0
L1523,46550,0,2500,0,150,10,1258.29,1410.21,0
L1524,172209,0,16995.9,0,150,10,2387.74,2831.96,0
L1525,32355,0,2950,0,150,10,1013.62,1121.2,1500
L1526,131900,0,6450,0,150,10,2126.1,2486.87,0
L1527,89722.4,0,0,0,150,10,1495.21,1735.99,0
L1528,92400,0,0,0,150,10,2566.39,2832.53,0
L1529,54787.58,0,6000,0,150,10,1393.65,1601.43,0
L1530,183722.64,0,8979.56,0,150,150,2912.22,3297.98,0
L1531,268700,0,26060,0,150,10,5162.34,5906.26,0
L1532,186737.43,0,18500,0,150,150,3576.33,4155.03,0
L1533,49361.04,0,4860,0,150,10,946.62,1146.08,0
L1534,105506.29,0,10435,0,150,10,2716.04,3006.59,0
L1535,112205,0,5450,0,150,10,1809.24,2131.27,0
L1536,90130.42,0,8795,0,150,10,2323.58,2598.26,0
L1537,128635.15,0,6200,0,150,10,2075,2415.67,0
L1538,47800,0,4500,0,150,10,1236.86,1441.6,0
L1539,153750,0,10000,0,150,10,2395.67,2829.5,0
L1540,65500,0,3400,0,10,10,1774,1992.35,0
L1541,112000,0,11000,0,150,10,3151.56,3434.77,0
L1542,32750,0,3075,0,150,150,820.14,928.54,0
L1543,55300,0,13125,0,150,10,1453.97,1604.25,0
L1544,49775,0,3200,0,150,10,878.58,1043.84,0
L1545,123645,0,8000,0,150,0,2181.98,2591.84,0
L1546,32900,0,3075,0,150,10,1242.29,1331.96,0
L1547,79506,0,3786,0,7572,7572,1947.09,2231.83,0
L1548,47260,0,4500,0,150,10,1425,1581.27,0
L1549,145000,0,10000,0,150,10,2812.29,3248.42,0
L1550,55912.5,0,5325,0,150,10,1685.92,1981.72,0
L1551,63500,0,3025,0,150,10,1024.83,1248.92,0
L1552,32600,0,3050,0,150,10,1230.83,1339.16,0
L1553,43940,0,10485,0,150,10,955.57,1067.18,0
L1554,81862.5,0,7906.25,0,150,10,2549.87,2838.6,0
L1555,47200,0,6750,0,150,10,1348,1508.87,0
L1556,100500,0,10000,0,150,10,2585.43,2865.74,0
L1557,145500,0,14500,0,300,10,2787.02,3071.19,0
L1558,151100,0,14500,0,150,10,2577.17,3061.48,0
L1559,170500,0,8525,0,150,10,3446.06,3912.64,0
L1560,251786.32,0,12272,0,150,10,4059.4,4736.85,0
L1561,250818.22,0,12201.75,0,150,10,4044.18,4719.09,0
L1562,89500,0,4335,0,150,10,2365.42,2600.54,0
L1563,152325,0,7275,0,150,10,3085.96,3379.79,0
L1564,41000,0,5500,0,150,10,1014,1120.24,0
L1565,159415.24,0,8000,0,150,10,3221.39,3657.74,0
L1566,185975.5,0,8973.75,0,150,10,2949.86,3442.55,0
L1567,151459,0,20000,0,10000,10000,2022.29,2306.33,0
L1568,89775,0,8550,0,150,10,1230.53,1495.98,0
L1569,46000,0,6750,0,150,10,1353.1,1494.78,0
L1570,66000,0,3300,0,150,10,1333.83,1511.76,0
L1571,45675,0,6450,0,150,10,1120.43,1276.52,0
L1572,29872,0,2800,0,150,10,933.17,1032.24,2165
L1573,64000,0,6050,0,150,10,1114.23,1292.5,0
L1574,185675.5,0,17947.55,0,150,10,2580.28,3116.68,0
L1575,74050,0,7075,0,10,10,2232.17,2499.55,0
L1576,34550,0,3275,0,10,10,1359.35,1512.56,0
L1577,78500,0,3900,0,150,150,1584.04,1815.89,0
L1578,49550,0,12000,0,150,150,1626.09,1870.71,0
L1579,73700,0,7050,0,150,150,1847.22,2094.72,0
L1580,134922,0,6713.3,0,150,10,2172.86,2547.55,0
L1581,127883.7,0,0,0,24358.8,24358.8,1725.42,2175.95,0
L1582,86800,0,8550,0,150,10,1908.29,2205.77,0
L1583,197250,-150130,9587.5,0,150,10,1072.3,1204.15,0
L1584,197250,-150130,9587.5,0,150,10,1072.3,1204.15,0
L1585,112786.4,0,5408,0,300,10,2618.74,2947.3,0
L1586,127701.07,0,12500,0,150,10,2450.87,2835.75,0
L1587,247500,0,12000,0,150,10,3991.36,4740.34,0
L1588,51500,0,2525,0,150,10,1399,1580.44,0
L1589,75350,0,3850,0,33000,33000,802.08,1129.35,0
L1590,80000,0,10000,0,150,10,2120.91,2431.73,0
L1591,125000,0,6250,0,150,10,1826.77,2198.68,0
L1592,32500,0,6100,0,150,10,1099.58,1241.51,0
L1593,118500,0,5900,0,5900,5900,2013.21,2480.93,0
L1594,124561.71,0,6093,0,150,150,2232.43,2599.5,0
L1595,146567,0,7013.6,0,150,10,2969.01,3419.61,0
L1596,88364,0,8549.9,0,150,10,2280.12,2560.67,0
L1597,46100,0,2250,0,10,10,1252.57,1398.52,0
L1598,149350,0,7250,0,150,10,2680.94,3091.58,0
L1599,74000,-32904.93,7250,0,150,10,966.86,1079.63,0
L1600,147275,0,7050,0,150,150,2980.32,3436.07,0
L1601,202783.97,0,9974.2,0,150,10,4016.66,4626.02,0
L1602,68420,0,1343.85,0,150,10,1136.71,1343.85,0
L1603,76800,0,7400,0,150,10,1982.57,2258.64,0
L1604,85297.78,0,20000,0,10000,10000,1152.04,1448.9,0
L1605,46300,0,6800,0,150,10,1645.42,1804.55,0
L1606,216800,0,10525,0,150,10,3437.75,4074.77,0
L1607,33920,0,3200,0,150,10,1058.97,1195.42,0
L1608,128210,0,6150.5,0,150,10,2302.82,2726.96,0
L1609,58900,0,5600,0,150,10,1480.28,1682.55,0
L1610,47995,0,4550,0,150,10,924.15,1110.58,0
L1611,82710,0,4000,0,150,10,2186.11,2499.3,0
L1612,53550,0,5075,0,150,10,1671.21,1863.92,0
L1613,78210,0,7350,0,150,10,1336.79,1655.93,0
L1614,194151.93,0,28612.5,0,150,10,3521.9,4192.34,0
L1615,56103.33,0,5248.41,0,150,10,1753.27,1955.43,0
L1616,156198.95,0,0,0,150,10,2366.5,2859.55,0
L1617,99000,0,9550,0,150,10,3084.14,3390.22,0
L1618,56887.4,0,3000,0,150,10,1314.08,1511.48,0
L1619,160255,0,7612.5,0,150,10,2879.86,3374.34,0
L1620,45260,0,2229.25,0,150,10,1229.16,1360.83,0
L1621,99186,0,5000,0,150,10,2296.98,2628.69,0
L1622,119500,0,17025,0,150,10,2134.69,2594.11,0
L1623,309450,0,30000,0,60000,60000,3719.49,4839.05,0
L1624,58537.5,0,5575,0,150,10,1825.95,2060.95,0
L1625,165500,0,16000,0,150,10,3114.38,3738.09,0
L1626,178900,-85050,8800,0,150,10,1441.44,1717.99,0
L1627,94983,0,0,0,150,10,1582.88,1880.64,0
L1628,156695,0,7650,0,150,10,2526.02,3010.66,0
L1629,95500,0,4825,0,150,10,1511.08,1806.19,1900
L1630,65800,0,0,0,150,10,3655,3852.36,0
L1631,85783,0,4300,0,150,10,1380.9,1645.93,0
L1632,72590,0,28735.65,0,150,10,1370.14,1518.33,0
L1633,60200,0,3000,0,150,10,1191.46,1376.37,0
L1634,52900,0,5190,0,150,10,1362.86,1530.68,0
L1635,191200,-90925,9350,0,150,10,2561.13,1563.41,0
L1636,63630,0,6115,0,150,10,1085,1304.03,0
L1637,88400,0,4275,0,150,0,1291.92,1594.62,0
L1638,53200,0,2510,0,150,10,1407.78,1609.57,0
L1639,170820,0,8000,0,150,10,4651.71,5175.16,0
L1640,262060,0,12850,0,150,10,3509.86,4326.91,0
L1641,319500,0,31000,0,62000,62000,3838.98,4994.97,0
L1642,45050,0,4175,0,150,10,1167.57,1327.44,0
L1643,77000,0,3750,0,150,10,2034.44,2261.75,0
L1644,110100,0,10660,0,150,10,2761.94,3081.8,0
L1645,98530,0,4925,0,150,10,1586.36,1919.69,0
L1646,41600,0,10000,0,150,10,1373.48,1485.06,0
L1647,157875,0,7500,0,150,10,3667.44,4151.69,0
L1648,125876.53,0,15000,0,150,10,2704.06,3112.55,0
L1649,97703,0,4762.5,0,150,10,1429.7,1728.77,0
L1650,91700,0,4435,0,150,10,1454.25,1769.42,0
L1651,101450,0,9050,0,150,150,2635.71,2947.47,0
L1652,84800,0,8100,0,150,10,2191.14,2568.06,0
L1653,194850,0,9487.5,0,150,10,2851.58,3447.9,0
L1654,194300,0,19200,0,150,10,2693.69,3349.53,0
L1655,69750,0,6500,0,150,10,1756.67,1977.65,0
L1656,128600,0,12500,0,150,10,3224.72,3598.12,0
L1657,67299,0,9300,0,150,10,1414.37,1671.72,0
L1658,19795,0,3400,0,150,10,963.82,1076.42,1216.36
L1659,99157.9,0,9500,0,150,150,1517.08,1870.99,0
L1660,108710.4,0,5390,0,150,10,1751.02,2087.04,0
L1661,89557.17,0,4310,0,150,10,1444.7,1726,0
L1662,268750,0,13137.5,0,150,10,4332.25,4949.67,0
L1663,105447.63,0,10375,0,150,150,1608.86,1986.28,0
L1664,135748,0,19350,0,150,10,2838.73,3357.72,0
L1665,85034.1,0,8400,0,150,10,2189.26,2486.97,0
L1666,130450,0,12800,0,150,10,2869.27,3261.76,0
L1667,98500,0,4750,0,150,10,1442.15,1748.3,0
L1668,65500,0,20000,0,150,10,1895.42,2120.66,0
L1669,65895,0,3074.75,0,150,10,1744.73,1994.74,0
L1670,99300,0,9700,0,150,10,1261.83,1618.98,0
L1671,108116,0,8200.65,0,150,10,1665.09,1994.98,0
L1672,261300,0,12850,0,150,10,3822.15,4645.08,0
L1673,153245,0,7787.5,0,150,10,2744.29,3229.16,0
L1674,102870,0,7000,0,150,10,1474.77,1820.02,0
L1675,49300,0,4850,0,150,10,1269.71,1417.92,0
L1676,13779.12,0,1200.05,0,150,10,1142.64,1200.05,0
L1677,79500,0,3750,0,7500,7500,1452.13,1785.31,0
L1678,62331.1,0,6075,0,150,150,1368.44,1605.56,0
L1679,61245,0,8625,0,150,10,1814.14,2086.91,0
L1680,87055.6,0,8600,0,150,10,1329.59,1708.08,0
L1681,77550,0,3500,0,150,10,1575.32,1814.52,0
L1682,263650,0,30000,0,150,10,3594.46,4379.55,0
L1683,39995,0,4000,0,150,10,1028.14,1188.25,0
L1684,59150,0,8750,0,150,10,1737.59,1961.24,0
L1685,82800,0,500,0,150,10,1523.89,1829.62,0
L1686,43300,0,1366.49,0,150,10,1197.81,1366.49,0
L1687,127927,-42631.04,12000,0,150,10,2035.83,2330.45,0
L1688,201999,0,9959.95,0,150,10,4085.72,4732.54,0
L1689,201999,0,9959.95,0,150,10,4085.72,4732.54,0
L1690,61145,0,9000,0,150,150,1485.57,1745.91,0
L1691,80500,0,11550,0,150,10,1681.46,1924.36,0
L1692,135190,0,8054.56,0,150,10,2704.8,3459.87,0
L1693,42500,0,4050,0,150,10,915.24,1093.35,0
L1694,42800,0,4000,0,150,10,1108.29,1254.66,0
L1695,82760,0,7808,0,150,10,1249.03,1552.25,0
L1696,135000,0,10000,0,150,10,2358.3,2780.88,0
L1697,66050,0,6500,0,150,10,1701.14,1925.65,0
L1698,11740,0,1100,0,150,10,759.29,830.67,938.65
L1699,83795,-5550,2500,0,150,150,1726.49,1952.56,0
L1700,116209,0,23179.8,0,150,10,4044.31,4382.57,0
L1701,51676.72,0,4830,0,150,10,1338.19,1547.58,0
L1702,106580,0,10060,0,150,10,2680.83,3058.09,0
L1703,147495,0,10000,0,150,10,1936.41,2420.5,0
L1704,110750,0,7500,0,7500,7500,2037.23,2482.15,0
L1705,50450,0,0,0,300,10,1401.11,1581.38,0
L1706,174524,0,13000,0,150,10,2691.9,3236.61,0
L1707,57995,0,8325,0,150,10,1418.86,1618.83,0
L1708,273800,0,13350,0,150,10,4414.24,5310.4,0
L1709,71800,0,13760,0,150,10,1658,1878.17,0
L1710,87975,0,8350,0,300,10,1349.58,1671.24,0
L1711,149330.49,0,7175,0,150,10,2409.25,2918.78,0
L1712,61870,0,0,0,300,10,1710.28,1946.07,0
L1713,44940,0,2000,0,300,10,1431,1613.66,0
L1714,67060,0,6500,0,300,10,1142.45,1358.7,0
L1715,69550,0,6500,0,150,10,1801.14,2111.03,0
L1716,138275,0,16000,0,300,10,3493.29,4099.77,0
L1717,102900,0,10000,0,300,10,2258.54,2662.32,0
L1718,130500,0,10000,0,25000,25000,2031.91,2487.96,0
L1719,202844,0,10017.45,0,150,10,3268.08,3917.87,0
L1720,130500,0,10000,0,25000,25000,2031.91,2487.96,0
L1721,139595,-64797.5,10000,0,300,10,1576.77,1876.88,0
L1722,58810,0,3500,0,300,10,1176.6,1388.98,0
L1723,114995,0,11000,0,300,10,2962.71,3450.11,0
L1724,172495,0,8500,0,150,10,2484.62,3040.04,0
L1725,68300,0,6500,0,150,10,1765.43,2028.56,0
L1726,59050,0,5575,0,500,10,1619.29,1806.55,0
L1727,156000,0,15000,0,150,10,2169.08,2817.62,0
L1728,113900,0,8000,0,250,10,1790.68,2202.28,0
L1729,42300,0,4000,0,300,10,1595.41,1793.09,0
L1730,196181.36,0,13060,0,150,10,3051.86,3796.86,0
L1731,178650,0,17215,0,150,10,3363.02,4090.53,0
L1732,173966.3,0,17000,0,300,10,3339.5,3956.65,0
L1733,102264.19,0,9742,0,150,10,1968.56,2207.63,0
L1734,102264.19,0,9742,0,150,10,1968.56,2207.63,0
L1735,103050,0,14700,0,300,10,2524,3067.78,0
L1736,135700,-41900,10000,0,300,10,4655.19,5099.71,0
L1737,77500,0,7600,0,150,10,1456.04,1722.92,0
L1738,40800,0,1900,0,300,10,1341.03,1520.49,0
L1739,47799,0,5000,0,10356,10356,549.88,760,0
L1740,73295,0,7000,0,300,10,1410.32,1708.95,0
L1741,105150,0,5082.5,0,300,10,1539.35,1997.67,0
L1742,95800,-53520,7000,0,650,10,1007.89,1169.45,0
L1743,48123.3,0,0,0,300,10,2004.72,2177.11,0
L1744,37000,0,1775,0,150,10,1006.14,1156.25,0
L1745,59910,0,5525,0,300,10,1553.57,1796.61,0
L1746,43300,0,4000,0,300,10,1122.57,1298.27,0
L1747,185300,0,10000,0,300,10,3307.36,4058.49,0
L1748,208520,0,10026,0,300,10,4129.04,4892.54,0
L1749,272807.49,-20139.69,6622.01,0,500,500,5225.18,6120.99,0
L1750,94300,0,13500,0,300,10,2308.29,2680.6,0
L1751,80555,0,7980,0,150,10,1229.92,1509.26,0
L1752,87795,0,8500,0,300,10,1343.81,1649.01,0
L1753,72294.95,0,3500,0,300,10,1463.51,1735.74,0
L1754,110495,0,11500,0,150,10,2414.27,2820.68,0
L1755,114050,-250,11050,0,300,10,2942.57,3384.72,0
L1756,121537.5,0,11500,0,150,10,2341.01,2765.92,0
L1757,24800,0,2250,0,300,10,980,1097.12,0
L1758,62550,0,5900,0,500,10,1618.29,1866.13,0
L1759,74691.1,0,7100,0,300,10,2330.38,2602.07,0
L1760,85364.6,0,0,0,300,10,1422.58,1746.96,0
L1761,54400.32,0,2615.4,0,300,10,862.92,1064.94,0
L1762,38550,0,3500,0,300,10,1523.48,1712.63,0
L1763,68350,0,6500,0,300,10,1766.86,1938.14,0
L1764,6830,0,0,0,300,10,184.32,210.2,0
L1765,106515,0,11500,0,300,10,1610.25,1982.79,0
L1766,153051.18,0,7025.62,0,300,10,4171.87,4745.66,0
L1767,60795,0,0,0,300,10,1287.13,1522.26,0
L1768,88500,0,5000,0,32000,32000,1072.92,1523.15,0
L1769,135300,0,13000,0,300,10,2547.71,3098.91,0
L1770,59683.93,0,7500,0,300,10,1490.68,1773.2,2003.72
L1771,161625,0,15700,0,300,10,3039.9,3694.03,0
L1772,247635,0,12000,0,300,10,3993.64,4905.91,0
L1773,43378.59,0,5000,0,6000,6000,688.91,875,0
L1774,139300,-63700,7000,0,150,10,1459.46,1729.2,0
L1775,48150,0,2500,0,300,10,1267.78,1445.29,0
L1776,75261,0,7000,0,10000,10000,1213.77,1515.3,0
L1777,43800,0,1000,0,300,300,1214.29,1381.46,0
L1778,115050,0,11075,0,300,10,2205.85,2628.27,0
L1779,280636.25,0,13287.5,0,300,10,4531.17,5295.66,0
L1780,47250,0,7500,0,300,10,1370.34,1584.89,0
L1781,130265,0,2668.85,0,300,10,2162.48,2668.85,0
L1782,27550,0,2520,0,300,10,1087.83,1217.78,0
L1783,125495,0,7500,0,300,10,2510.32,3043.94,0
L1784,127087.5,0,12000,0,300,10,2397.45,2905.12,0
L1785,87795,0,8500,0,300,10,1343.81,1649.01,0
L1786,151080,0,7344,0,300,10,3058,3660.63,0
L1787,83750,0,7850,0,300,10,1581.04,1894.19,0
L1788,74650,0,3482,0,300,10,1694.24,1979.97,0
L1789,133949,0,14000,0,300,10,2498.73,2999.2,0
L1790,253927.78,0,24150,0,150,10,4888.68,5786.58,0
L1791,80375,0,7700,0,300,10,1772.32,2028.32,0
L1792,177682.5,-18436.27,20000,0,300,10,3867.7,4492.43,0
L1793,69000,0,3275,0,300,10,1825.42,2082.4,0
L1794,64560,0,5950,0,300,10,1674.29,1962.37,0
L1795,241795,0,35700,0,300,10,2862.29,3689.45,0
L1796,65340,0,3076.43,0,300,10,1729.27,1984.31,2083.53
L1797,101257,0,9400,0,300,10,2240.17,2739.81,0
L1798,125300,0,20000,0,300,10,1784.58,2228,0
L1799,58500,0,5500,0,300,10,1471.94,1771.77,0
L1800,49496,0,3000,0,300,10,2734.47,2944.73,0
L1801,69840.71,0,9000,0,300,10,1738.02,2092.95,0
L1802,40495,0,1925,0,300,10,1101.71,1256.17,0
L1803,52285,0,4900,0,300,10,1353.57,1610.14,0
L1804,115595,0,10000,0,300,10,2575.24,2986.46,0
L1805,37756.25,0,3500,0,300,10,978.46,1116.47,0
L1806,40500,0,3900,0,300,10,1016.39,1176.69,0
L1807,69996.5,0,3250,0,300,10,1607.7,1875.55,0
L1808,63050,0,6000,0,300,10,1629.71,1885.98,0
L1809,70745,0,6850,0,300,10,1359.26,1615.13,0
L1810,61590,0,1507.41,0,350,10,1278.14,1507.41,0
L1811,55420,0,7800,0,300,10,1161.22,1387.25,0
L1812,70800,0,6850,0,300,10,1826.86,2099.13,0
L1813,120500,0,8000,0,10000,10000,1737.29,2246.87,0
L1814,120500,0,8000,0,10000,10000,1737.29,2246.87,0
L1815,81800,0,50000,0,300,10,1096.21,1227.88,0
L1816,82494.27,0,8000,0,300,10,1262.45,1620,0
L1817,234441,0,11450,0,300,10,3779.34,4622.29,0
L1818,105495,0,15375,0,300,10,1877.29,2283.51,0
L1819,92489.82,0,10000,0,300,10,2844.13,3250.3,0
L1820,55792.3,-25633.01,5450,0,300,10,1074.1,1172.52,0
L1821,106875,0,11500,0,300,10,1616.36,2022.64,0
L1822,125850,0,7500,0,20000,20000,1666.95,2217.81,0
L1823,59650,0,5575,0,300,10,1501.81,1668.75,0
L1824,31529.95,0,5000,0,300,10,914.48,1036.69,0
L1825,59505,0,5500,0,300,10,1499.86,1741.32,0
L1826,63495,0,6000,0,300,10,1642.43,1900.69,0
L1827,104455,0,7000,0,18000,18000,1119.08,1594.8,0
L1828,67300,0,3350,0,300,10,1360.43,1634.75,0
L1829,263575,0,13100,0,300,10,3853.31,4882.91,0
L1830,242300,0,12500,0,300,10,3894.75,4945.26,0
L1831,145500,0,7250,0,300,10,2343.05,2935.27,0
L1832,145500,0,7250,0,300,10,2343.05,2935.27,0
L1833,120625,0,10000,0,10000,10000,1705.51,2249.8,0
L1834,75516.41,0,7396,0,300,10,1661.23,1936.17,0
L1835,213975,0,10400,0,300,10,3131.77,3993.59,0
L1836,213975,0,10400,0,300,10,3131.77,3993.59,0
L1837,120625,0,10000,0,10000,10000,1705.51,2249.8,0
L1838,18918,0,1800,0,7000,7000,281.06,374.98,0
L1839,115000,0,5500,0,500,10,2329.57,2825.32,0
L1840,16050,0,500,0,300,10,444,515.15,0
L1841,78845,0,7515,0,300,10,1517.45,1857.6,0
L1842,150495,0,14500,0,300,10,3777.36,4372.23,0
L1843,135472,0,13067,0,300,10,2074.49,2631.76,0
L1844,61000,0,2875,0,300,10,1210.73,1488.2,0
L1845,131775,-85000,6275,0,300,10,2614.38,3167.96,0
L1846,278620.61,0,27575,0,300,10,4254.84,5342.33,0
L1847,89050,0,4287.5,0,300,10,2067.13,2469.28,0
L1848,135043.75,0,6587.5,0,300,10,2732.9,3280.66,0
L1849,152745,0,7250,0,300,10,2238.23,2908.17,0
L1850,89745,0,8500,0,300,10,1728.4,2096.28,0
L1851,69495,0,3250,0,300,10,1892.43,2188.4,0
L1852,203800,-5121.54,0,0,300,10,4138.93,5121.54,0
L1853,47550,0,2287.5,0,300,10,962.82,1164.61,0
L1854,244050,0,24075,0,300,10,4313.04,5296.28,0
L1855,41850,0,500,0,300,10,1252.73,1438.2,0
L1856,69050,0,6575,0,300,10,1784.71,2080,0
L1857,79550,0,11362.5,0,300,10,1947.93,2349.62,0
L1858,296750,-80428.42,0,0,300,10,3666.34,4603.4,0
L1859,106875,0,11500,0,300,10,1616.36,2041.26,0
L1860,68000,0,8398.8,0,300,10,1702.61,1956.38,0
L1861,250253.08,0,12016.95,0,300,10,4037.73,5023.39,0
L1862,56670,0,8025,0,300,10,1389.57,1642.54,0
L1863,253795,0,24500,0,700,10,4000,4354.72,0
L1864,31350,0,1425,0,300,10,997.17,1148.98,0
L1865,72100,0,7000,0,300,10,1384.89,1678.15,0
L1866,82697.5,0,7870.25,0,300,10,1824.81,2215.64,0
L1867,105295,0,9950,0,300,10,2028.4,2501.42,0
L1868,49300,0,1642.2,0,300,10,1361.37,1642.2,0
L1869,65500,0,13500,0,300,10,1733,2013.68,0
L1870,153845,0,7417.5,0,300,10,2252.58,2890.54,0
L1871,212500,0,20550,0,300,10,3199,4092.55,0
L1872,228195,0,11000,0,300,10,3341.31,4266.12,0
L1873,64452.41,0,9412.5,0,300,10,1572.28,1838.94,0
L1874,33300,0,3050,0,300,10,1008,1185.73,0
L1875,149495,0,14300,0,300,10,2876.28,3546.91,0
L1876,131704.59,0,12770.3,0,300,10,2243.85,2770.75,0
L1877,82395,0,3900,0,300,10,1914.27,2274.75,0
L1878,106875,0,11500,0,300,10,1616.36,2041.26,0
L1879,26025,0,1500,0,1200,1000,392.08,501.99,0
L1880,106995,0,15000,0,300,10,1559.07,2011.96,0
L1881,218667.1,0,10757,0,300,10,3523.73,4373.86,0
L1882,158656.3,-30442.9,0,0,300,10,3305.13,3961.83,0
L1883,43500,0,0,0,300,10,906.04,1143.29,0
L1884,59000,0,10000,0,300,10,1360.83,1581.09,0
L1886,104000,0,15000,0,300,10,1853.96,2235.96,0
L1887,69050,0,6575,0,300,10,1329.04,1657.27,0
L1888,41903,0,2050,0,300,10,847.72,1018.76,0
L1889,51050,0,10000,0,300,10,1784.35,2006.76,0
L1890,130000,0,6500,0,300,10,3628.29,4123.83,0
L1891,114700,0,10500,0,300,10,2170.63,2640.28,0
L1892,114700,0,10500,0,300,10,2170.63,2640.28,0
L1893,47632.01,0,2280,0,300,10,1295.49,1499.27,0
L1894,42300,0,5925,0,300,10,1212.17,1396.63,0
L1895,44250,0,4100,0,300,10,1146.86,1332,0
L1896,157550,0,30650,0,300,10,3094.88,3487.8,0
L1897,69295,0,6500,0,300,10,1793.86,2080.32,0
L1898,18706.46,0,850,0,150,10,302.48,384.36,0
L1899,152905,0,7000,0,300,10,2472.8,3176.55,0
L1900,71500,0,6800,0,300,10,1376.38,1669.08,0
L1901,114700,0,15825,0,300,10,2059.69,2555.48,0
L1902,88975,0,8435,0,300,10,1713.4,2076.16,0
L1903,75358,0,7300,0,28500,28500,841.66,1245.09,0
L1904,53300,0,5000,0,300,10,1379.71,1608.06,0
L1905,104000,0,15000,0,300,10,2170.49,2467.11,0
L1906,44700,0,3314.52,0,300,10,880.33,1077.77,0
L1908,11245.13,0,500,0,300,10,306.72,375.44,0
L1909,106975,0,11500,0,300,10,1618.05,2041.06,0
L1910,37150,0,3500,0,300,10,1160,1334.56,0
L1913,71100,0,9975,0,300,10,1746.14,2049.46,0
L1914,147500,0,12000,0,300,10,3225.95,3640.73,0
L1915,38500,0,3600,0,300,10,800,1091.39,0
L1916,42665.08,0,4025,0,300,10,1073.06,1282.48,0
L1917,70500,0,3400,0,750,10,1427.45,1729.7,0
L1918,173195,0,12375,0,300,10,3421.49,4145.62,0
L1919,121000,0,10500,0,10000,10000,1703.39,2262.15,0
L1920,76745,0,3600,0,300,10,1556.06,1904.86,0
L1921,44050,0,4075,0,300,10,1141.86,1359.3,0
L1922,91680.96,0,8950.5,0,300,10,1760.01,2174.48,0
L1923,123150,0,5850,0,300,10,1804.46,2315.55,0
L1924,252313,0,0,0,27079.8,27079.8,3412.62,4605.15,0
L1925,31799,0,2980,0,6500,6500,544.37,724.4,0
L1926,165900,0,50000,0,300,10,3311.14,3858.69,0
L1927,174550,0,12075,0,300,10,3456.7,4270.48,0
L1928,14800,0,500,0,300,10,304.04,396.63,0
L1929,129521.46,0,12520,0,300,10,3342.61,3854.19,0
L1930,54035,0,5050,0,300,10,1042.02,1275.68,0
L1931,31500,0,6000,0,300,10,878.97,1029.37,0
L1932,77000,0,100,0,300,300,1473.08,1716.94,0
L1933,49800,0,4750,0,300,10,1251.11,1485.57,0
L1934,48049,0,4624.9,0,300,10,1240.4,1486.95,0
L1935,92592.97,0,4517.5,0,300,10,1873.73,2216.53,0
L1936,176495,0,8500,0,300,10,2847.2,3574.99,0
L1937,34495,0,7190,0,300,10,779.86,908.43,0
L1938,196335,0,9273,0,300,10,3529.28,4159.07,0
L1939,59385,0,5550,0,300,10,1312.8,1568.3,0
L1940,384050,0,20000,0,75000,75000,4446.92,6139.55,0
L1941,130605,-7500,0,0,300,10,1893.92,2439.27,0
L1942,262995,0,12750,0,300,10,3849.77,4902.98,0
L1943,68250,0,6000,0,300,10,1518.05,1781.02,0
L1944,63050,0,3100,0,300,10,1712.57,2024.26,0
L1945,73600,0,7000,0,300,10,1902.57,2296.52,0
L1946,64800,0,6000,0,300,10,1679.71,1985.43,0
L1947,81200,0,1635.17,0,300,10,1348.39,1635.17,0
L1949,68580,0,10000,0,300,10,1673.43,1991.94,0
L1950,59545,0,7500,0,300,10,1269.15,1566.2,0
L1951,32900,0,3000,0,300,10,1245.42,1386.64,0
L1953,36850,0,1191.39,0,300,10,1018.53,1191.39,0
L1954,25600,0,2300,0,300,10,803.1,962.25,0
L1955,93203,0,4450,0,300,10,1888.15,2279.38,0
L1956,83050,0,8075,0,300,10,2141.86,2496.16,0
L1957,134045,0,6500,0,300,10,2656.98,3343.11,0
L1958,107250,-30544.85,5100,0,300,10,1988.84,2194.82,0
L1959,33000,0,0,0,300,10,1099.67,1280.44,0
L1960,60300,0,12000,0,300,10,1379.71,1671.3,1600
L1961,99000,0,14542.5,0,300,10,1362.06,1770.77,0
L1962,140800,0,13200,0,300,10,3645.43,4263.25,0
L1963,129495,0,10000,0,35000,35000,1797.77,2490.88,0
L1964,46700,0,6300,0,300,10,1392.76,1640.44,0
L1965,76214.8,0,10058.1,0,300,10,1407.38,1706.66,0
L1966,55500,0,2500,0,300,10,1127.45,1366.23,0
L1967,54500,0,15000,0,300,10,1128.29,1352.58,0
L1968,137201.2,0,6200,0,300,10,2220.19,2787.75,0
L1969,107716.59,0,5274.75,0,300,10,2134,2573.66,0
L1970,77100,0,10000,0,300,10,1137.12,1553.73,1755.71
L1971,79845,0,7575,0,300,10,1762.44,2082.07,0
L1972,202844,0,10000,0,300,10,3268.37,4033.6,0
L1973,48365.34,0,4500,0,300,10,1512.25,1739.7,0
L1974,115506.2,0,11000,0,300,10,1741.77,2117.86,0
L1975,164235,0,15874,0,300,10,2472.52,3075.78,0
L1976,189750,0,9225,0,300,10,3059.58,3546.5,0
L1977,59500,0,5800,0,300,10,1278.33,1539.8,0
L1978,154500,0,7675,0,300,10,2067.82,2703.94,0
L1979,64900,0,0,0,300,10,1545,1837.13,0
L1980,27511.18,2800,2751.11,0,300,10,950.35,1111.88,0
L1981,254195,-80555.01,7526.56,0,300,10,2815.37,3434.49,0
L1982,129795,0,12750,0,300,10,2854.51,3434.85,0
L1983,204978.3,0,5109.25,0,300,10,4252.32,5109.25,0
L1984,82051.58,0,7758,0,300,10,1580.5,1943.74,0
L1985,14650,0,1297.34,0,300,10,1212.97,1297.34,0
L1986,42050,0,1900,0,300,10,1138.57,1300.81,0
L1987,352113.7,0,35000,0,300,10,5374.64,6709.68,0
L1988,56700,0,5250,0,300,10,1469.71,1725.07,0
L1989,105000,0,3395.97,0,300,10,2177.9,3068.22,0
L1990,64850,0,9652.5,0,300,10,1174.2,1444.13,0
L1991,57500,0,5000,0,300,10,1280.24,1510.74,0
L1992,81000,0,7000,0,300,10,1804.63,2129.42,0
L1993,78500,0,7700,0,300,10,1089.08,1441.7,0
L1994,50500,0,0,0,23000,23000,763.89,1054.64,0
L1995,171800,0,16500,0,300,10,2632.03,3381.09,0
L1996,142300,-56392.09,0,0,300,10,2321.98,2521.09,3430.88
L1997,48250,0,9150,0,300,10,1116.86,1315.61,0
L1998,250000,0,12500,0,300,10,3653.69,4688.35,0
L1999,127550,0,12000,0,500,500,2407.08,2986.45,0
L2000,165550,0,12500,0,300,10,3256.17,4004.24,0
L2001,56800,0,7875,0,300,10,1397.57,1652,0
L2002,61600,0,1542.42,0,300,10,1277.61,1542.42,0
L2003,425213.86,0,0,0,300,10,6442.48,7632.85,0
L2004,62397.66,0,6100,0,300,10,1608.22,1900.94,2129.06
L2005,69250,0,6575,0,300,10,1790.43,2108.85,0
L2006,94500,0,0,0,18000,18000,1275,1748.05,0
L2007,124100,0,5900,0,300,10,2230,2767.38,0
L2008,34266,0,3000,0,300,10,893.03,1037.27,0
L2009,40412,0,2000,0,300,10,800.04,965.03,0
L2010,71500,0,3000,0,300,10,2014.41,2371.9,0
L2011,219800,0,21400,0,300,10,5510.83,6332.18,0
L2012,104200,0,10000,0,300,10,2691.14,3092.07,0
L2013,88132.66,0,13000,0,300,10,2146.36,2501.41,0
L2014,37900,0,3450,0,300,10,956.67,1127.03,0
L2015,131250,0,12500,0,300,10,2827.14,3376.73,0
L2016,340789.84,0,23625,0,300,10,4466.97,5817.24,0
L2017,30550,0,2875,0,300,10,953.97,1116.51,1172.34
L2018,73092.84,0,7100,0,300,10,1750,1872.95,0
L2019,98975,0,13875,0,300,10,1810.43,2176.87,0
L2020,78745,0,7200,0,300,10,1522.02,1878.75,0
L2021,196010,0,19001,0,300,10,2999.98,3897.62,0
L2022,43226.95,0,3902.45,0,300,10,836.48,1081.89,0
L2023,145229.54,0,3026.13,0,300,10,2410.06,3026.13,0
L2024,71887.69,0,3417.5,0,300,10,1456.6,1765.03,0
L2025,69200,0,12800,0,300,10,1879.67,2198.72,4969.11
L2026,41175,0,3000,0,300,10,1090.43,1266.48,0
L2027,68015.31,0,3287.5,0,300,10,1376.97,1687.22,0
L2028,229391,0,11285.25,0,300,10,3634.93,4527.52,0
L2029,182000,0,17500,0,300,10,4011.95,4811.77,0
L2030,59677.5,0,6750,0,300,10,1290.67,1541.87,0
L2031,65902.43,2152.57,2152.57,0,300,10,1830.35,2152.57,0
L2032,15480.95,0,940.75,0,300,10,855.89,940.75,0
L2033,61800,0,3000,0,300,10,1679.71,1943.56,0
L2034,31767.9,1222.22,1222.22,0,300,10,1058.59,1222.22,0
L2035,106380,0,11500,0,300,10,1607.97,2028.34,0
L2036,52525,0,0,0,300,10,1250.36,1486.83,0
L2037,48867.84,0,2500,0,300,10,1130.68,1316.81,0
L2038,172200,0,25530,0,300,10,2485.76,3117.61,0
L2039,40500,-87.83,1203.75,0,300,10,1119.95,1203.78,0
L2040,89835,0,12750,0,300,10,1879.88,2254.8,0
L2041,152250,0,14500,0,300,10,3359.51,4029.31,0
L2042,145229.54,0,0,0,27500,27500,1962.16,2669.12,0
L2043,61900,0,5000,0,300,10,1497.11,1786.82,0
L2044,122000,0,12000,0,300,10,1549.15,2031.26,0
L2045,78250,0,7550,0,300,10,1963.61,2221.27,0
L2046,50916.35,0,7095.75,0,300,10,2577.09,2820.92,0
L2047,42990,0,5000,0,6500,6500,768.05,985.65,0
L2048,48300,0,2325,0,300,10,1313.29,1579.8,0
L2049,32050,0,1500,0,300,10,1053.1,1232.5,0
L2050,31150,0,3929.78,0,300,10,938.28,1098.17,0
L2051,78147.75,0,3749.95,0,300,10,1144.43,1477.84,0
L2052,21952,0,2200,0,300,10,564.06,671.18,0
L2053,30000,0,0,0,300,10,999.67,1170.62,0
L2054,63295,0,5950,0,300,10,1977.07,2301.3,0
L2055,12050,0,0,0,300,10,668.89,742.46,0
L2056,72150,0,7075,0,300,10,1586.95,1925.31,0
L2057,130145,0,18000,0,300,10,2385.85,2948.5,0
L2058,42625,0,7750,0,300,10,1452.71,1531.49,0
L2059,38300,0,3700,0,300,10,1192.76,1384.44,0
L2060,43300,0,6000,0,300,10,1065.43,1263.9,0
L2061,32600,0,3500,0,300,10,831.14,996.46,0
L2062,109245,0,15938,0,450,10,2221.36,2675.5,0
L2063,428899,-271932.67,21000,0,21000,21000,2015.1,2649.77,0
L2064,38800,0,1274.23,0,300,10,1071.88,1274.23,0
L2065,78997.54,0,2500,0,300,10,1865.55,2201.29,0
L2066,37950,0,5175,0,300,10,936.14,1134.1,0
L2067,79750,0,7575,0,300,10,1760.12,2207.13,0
L2068,66960,0,12400,0,300,10,1515.28,1792.69,0
L2069,377407.73,0,18300,0,300,10,5524.58,7151.13,0
L2070,30618,0.5,0,0,300,10,1275.33,1439.41,0
L2071,142155.25,0,13600.53,0,35000,35000,1585.67,2297.95,0
L2072,46174.65,0,4200,0,300,10,791.79,977.86,0
L2073,40795,0,5775,0,300,10,1207.24,1417.82,0
L2074,38550,0,3575,0,300,10,1205.69,1391.21,0
L2075,149173,0,10000,0,10000,10000,1845.33,2508.97,0
L2076,35495,0,5000,0,10000,10000,347.37,525.39,0
L2077,54659.62,0,4975.96,0,300,10,1419.25,1665.85,0
L2078,119600,0,11185,0,300,10,2258.44,2488.81,0
L2079,81795,0,7850,0,300,10,1803.29,2198.42,0
L2080,74250,0,10612.5,0,300,10,1767.43,2098.51,0
L2081,205168.16,0,9028.81,0,30000,30000,2595.93,3586.05,0
L2082,83775,0,7875,0,300,10,1850.98,2229.21,0
L2083,64050,0,3050,0,300,10,1016.5,1295.77,0
L2084,29800,0,2750,0,300,10,772.57,910.16,0
L2085,41790,0.5,4000,0,300,10,1079.43,1271.55,0
L2086,17600,0,1600,0,300,10,695.22,787.78,0
L2087,62250,0,6075,0,300,10,1604.71,1896.8,0
L2088,92554.52,0,20000,0,300,10,1543.5,1898.24,0
L2089,292170,-189216.94,43150,0,300,10,1272.36,1608.33,0
L2090,38764,0,5364.6,0,300,10,953.98,1151.69,0
L2092,43500,-13861.11,6075,0,300,10,785.26,918.62,0
L2093,55360.8,0,1199.35,0,300,10,917.82,1199.35,0
L2094,43500,0,0,0,300,10,1035.48,1241.16,0
L2095,67000,0,6450,0,300,10,2632.17,2945.94,0
L2096,58750,0,5575,0,300,10,1519,1805.61,0
L2097,133500,0,13100,0,300,10,3439.71,3844.25,0
L2098,317800,0,37800,0,300,10,3943.52,5219.54,0
L2099,20579.5,0,0,0,10,10,857.06,941.7,0
L2100,129735,0,18712.5,0,300,10,2361.97,3076.57,0
L2101,65002.5,0,3037.5,0,300,10,1720.97,1950.39,0
L2102,21895,0,2000,0,300,10,864.57,961.03,0
L2103,80420,-40460,0,0,300,10,1109.86,1318.56,2768.98
L2104,64800,0,3000,0,300,10,2059.67,2343.94,0
L2105,138600,0,15000,0,300,10,2288.7,2897.02,0
L2106,62250,0,5875,0,300,10,1565.69,1852.33,0
L2107,54250,0,7762.5,0,300,10,1327.93,1601.88,0
L2108,74200,0,4000,0,300,10,1493.4,1809.62,0
L2109,21430,0,2000,0,300,10,1142.35,1250.79,0
L2110,41525,0,5662.5,0,300,10,1236.29,1365.91,0
L2111,51344.48,0,10150,0,300,10,1420.15,1658.04,0
L2112,124790,0,10000,0,300,10,1765.85,2293.86,0
L2113,27500,0,1300,0,300,10,748.29,878.46,0
L2114,50984.41,0,8984.41,0,300,10,1749.58,1946.82,0
L2115,104050,0,10075,0,300,10,2291.83,2816.61,0
L2116,40575,0,1850,0,300,10,1335,1513.22,0
L2117,56370,0,3000,0,300,10,1524.57,1814.78,0
L2118,52877.93,0,10550,0,300,10,900.38,1143.56,0
L2119,218581.08,-50,5500,0,300,10,3278.02,4143.46,0
L2120,49300,44100,49000,0,300,10,752.37,955.71,0
L2121,62834.4,0,5818,0,11636,11636,756.34,1093.05,0
L2122,91545,0,9100,0,300,10,2355.29,2643.22,0
L2123,32787,0,5000,0,300,10,578.69,711.44,0
L2124,47159,0,5000,0,300,10,878.1,1079.41,0
L2125,77000,0,11325,0,300,10,1563.45,1914.74,0
L2126,55545,0,5100,0,300,10,1230.12,1493.68,0
L2127,31500,0,3000,0,300,10,982.41,1130.31,0
L2128,115050,0,22150,0,300,10,1976.38,2464.34,0
L2129,128259.22,0,12531.5,0,300,10,3306.22,3646.92,0
L2130,29700,0,5000,0,300,10,514.38,632.4,0
L2131,105300,0,0,0,300,10,2506.9,3040.23,0
L2132,16356.9,0,0,0,300,10,908.16,1004.44,0
L2133,262000,0,30000,0,300,10,3866.5,4912.21,0
L2134,150854.48,20610.92,0,0,300,10,3175.1,3911.52,0
L2135,144189.95,0,13737.39,0,300,10,2006.81,2656.4,0
L2136,66800,0,3250,0,300,10,1351.91,1646.45,0
L2137,34710,0,3301,0,300,10,765.83,949.01,0
L2138,21823.82,0,2000,0,5000,5000,617.66,725.6,0
L2139,39798,0,4000,0,6500,6500,837.09,1038.52,0
L2140,51000,0,3000,0,38000,38000,238.1,600.57,0
L2141,43526.93,0,8000,0,300,10,866.27,1043.44,0
L2142,85795,0,12074.25,0,300,10,1797.82,2254.43,0
L2143,85300,0,100,0,300,10,1812.55,2115.56,0
L2144,95025,0,9050,0,300,10,2096.71,2566.44,0
L2145,74461,0,7267,0,300,10,1919.54,2268.86,0
L2146,115762.5,0,5512.5,0,300,10,1837.33,2262.33,0
L2147,29750,0,10000,0,300,10,1161.18,1310.76,0
L2148,53346.06,0,2469.72,0,300,10,1059.72,1352.29,0
L2149,93750,0,30000,0,300,10,1821.14,2197.94,0
L2150,82750,-400,3000,0,300,10,1944.88,2387.89,0
L2151,48199,0,4569,0,300,10,1504.14,1761.03,0
L2152,260817.97,0,28000,0,300,10,3581.66,4636.25,0
L2153,79857,0,7635.7,0,300,10,1536.41,1907.02,0
L2154,69275,0,3266.25,0,300,10,1404.23,1734.97,0
L2155,36040.5,0,1700,0,300,10,980.87,1155.47,0
L2156,36764,0,3576.4,0,300,10,947.93,1097.13,0
L2157,99795,0,14924.25,0,300,10,1767.93,2245.4,0
L2158,61500,0,5750,0,300,10,1548.33,1781.31,0
L2159,71795,0,20000,0,300,10,1101.81,1336.41,0
L2160,37810,0,5000,0,13000,13000,566,762.83,0
L2161,115380,0,0,0,300,10,1891.31,2399.94,0
L2162,162041,0,12835.53,0,300,10,2131.36,2840.69,0
L2163,137833.02,-20976.1,13253.17,0,300,10,2959.87,3547.65,0
L2164,81069,0,3890.95,0,300,10,1641.87,1985.8,0
L2165,50800,0,2450,0,300,10,1028.51,1252.31,0
L2166,62250,0,20000,0,300,10,1836.52,2090.14,0
L2167,78044.01,-35595.15,12000,0,300,10,869.84,971.98,0
L2168,85201.75,0,13000,0,36000,36000,905.04,1373.8,0
L2169,147160,0,28150,0,300,10,2531.91,3154.06,0
L2170,76815,0,7200,0,300,10,1988.71,2358.88,0
L2171,97750,0,18000,0,300,10,1661.25,2051.51,0
L2172,53250,0,5000,0,300,10,1340,1596.84,0
L2173,10215,0,0,0,300,10,728.93,790.01,0
L2174,54850,0,6700,0,5000,5000,719.17,990.51,0
L2175,105000,0,12000,0,300,10,1754.53,2200.46,0
L2176,124510,0,12150,0,300,10,2340.63,2841.65,0
L2177,44100,0,0,0,300,10,1191.62,1412.74,0
L2178,48700,0,4266.9,0,300,10,1480.77,1695.62,0
L2179,38200,0,3650,0,300,10,986.86,1154.35,0
L2180,83495,0,4003.75,0,300,10,1691.09,2040.11,0
L2181,136465.25,0,19800,0,300,10,2845.25,3440.47,0
L2182,46050,0,4375,0,300,10,1016.22,1234,0
L2183,125998,0,17500,0,300,10,2308.26,2931.26,0
L2184,74315.07,0,10252.5,0,300,10,1830.07,2098.47,0
L2185,76604.5,0,7085,0,300,10,2396.88,2781.67,0
L2186,63347.9,0,9112.5,0,300,10,1549.3,1876.68,0
L2187,46406.71,0,2267.5,0,300,10,1260.83,1506.16,1581.47
L2188,136800,0,26300,0,300,10,2694.88,3271.92,0
L2189,95550,0,9100,0,300,10,2401.11,2789.09,0
L2190,244800,0,35495,0,5000,5000,3143.15,4134.28,0
L2191,108800,0,5250,0,300,10,2958.29,3420.77,0
L2192,129082,0,10000,0,300,10,1860.5,2437.9,0
L2193,148075,0,21575,0,2300,10,2635.21,3300.26,0
L2194,126000,0,6000,0,300,10,3999.67,4576.53,0
L2195,49680,-29189.3,4600,0,300,10,441.31,524.01,0
L2196,29430,0,6812.5,0,300,10,779.57,889.07,0
L2197,82086.35,0,12052.5,0,300,10,2000.68,2379.74,0
L2198,26250,0,5000,0,5000,5000,477.94,601.86,0
L2199,34500,0,3600,0,300,10,523.56,672.73,0
L2200,127250,0,12000,0,16000,16000,1682.2,2305.74,0
L2201,64000,0,6000,0,300,10,1233.83,1531.5,0
L2202,127250,0,12000,0,16000,16000,1682.2,2305.74,0
L2203,33850,0,1098.14,0,300,10,935.48,1098.14,0
L2204,43995,0,4300,0,300,10,1133.86,1345.05,0
L2205,56500,0,5200,0,300,10,1465.43,1652.27,0
L2206,46600,0,50,0,500,500,979.79,1222.54,0
L2207,40800,-21393.75,50,0,500,500,406.78,517.24,0
L2208,55590,0,12750,0,300,10,1189.72,1475.15,0
L2209,47189.97,0,4575,0,300,10,1217.28,1297.33,0
L2210,110750,0,15000,0,24200,24200,1522.34,2092.45,0
L2211,91100,0,8850,0,300,10,1749.79,2181.83,0
L2212,41800,0,50,0,500,500,877.66,1115.65,0
L2213,41800,0,50,0,500,500,877.66,1115.65,0
L2214,120675,0,11837.5,0,300,10,1674.27,2189,0
L2215,31451.67,0,1445.29,0,500,500,1282.89,1445.29,0
L2216,47800,0,4550,0,300,10,1880,2109.27,0
L2217,74083.56,0,13890,0,300,10,1671.77,1998.98,0
L2218,106300,0,9950,0,300,10,1605.67,2189.79,0
L2219,21633.22,0,2075,0,300,10,558.52,662.72,0
L2220,193050,-15625.46,0,0,300,10,7392.3,8138.21,0
L2221,66620,0,7500,0,5500,5500,1489.44,1810.46,0
L2222,40200,0,9750,0,300,10,1323.48,1488.57,0
L2223,43240,0,6112.5,0,300,10,1546.56,1747.72,0
L2224,17300,0,4000,0,300,10,1208.18,1298.5,0
L2225,43561.8,0,2016.75,0,300,10,1186.72,1397.88,0
L2226,21330,-11769.82,2030,0,300,10,418.13,466.2,0
L2227,12864,0,500,0,2500,2500,281.83,388.53,0
L2228,191300,0,20000,0,300,10,3231.89,4222.33,0
L2229,183340,0,17800,0,300,10,3448.54,4379.65,0
L2230,31266.95,0,2842.45,0,300,10,811.84,946.34,0
L2231,16991.18,0,1511.1,0,300,10,1406.37,1511.35,0
L2232,55700,0,20000,0,300,10,1230.69,1423.41,0
L2233,73878.2,0,1857.92,0,300,10,1532.13,1857.92,0
L2234,50200,0,7125,0,300,10,1389.19,1617.8,0
L2235,58795,0,11300,0,500,500,1620.52,1878.09,0
L2236,100800,0,3348.65,0,300,10,2784.04,3348.65,0
L2239,76395,0,15159,0,300,10,1975.03,2314.35,0
L2240,22970,0,1075.45,0,300,10,951.5,1075.45,0
L2241,25200,0,1500,0,300,10,504.04,620.06,0
L2242,18550,0,1500,0,300,10,415.61,502.81,0
L2243,55250,0,5200,0,300,10,2085,2361.87,0
L2244,55250,0,5200,0,300,10,2085,2361.87,0
L2245,52800,0,2600,0,300,10,1224.15,1449.3,0
L2246,43400.38,0,3950,0,3950,3950,739.59,975,0
L2247,127452,0,0,0,300,10,2124.03,2685,0
L2248,53568,0,2500,0,8150,8150,727.42,985.64,0
L2249,62550,-20538.7,17925,0,500,500,1035.5,1205.76,0
L2250,43050,0,12225,0,500,500,1318.48,1543.1,0
L2251,84340,0,10000,0,750,750,1565.74,2106.79,0
L2252,37800,0,7100,0,500,500,1313.04,1544.11,0
L2253,43067,0,6037.5,0,300,10,1276.53,1477.29,0
L2254,114568.19,-73298.01,16837.5,0,300,10,508.96,622.61,0
L2255,114568.19,0,16837.5,0,300,10,2035.85,2490.45,0
L2256,55540,0,7650,0,300,10,1330,1607.84,0
L2257,57245,0,5350,0,300,10,1103.94,1389.29,0
L2258,44160.26,0,6509.85,0,300,10,1297.95,1506.5,0
L2259,19995,0,1750,0,300,10,444.76,538.05,0
L2260,56675,0,8250,0,300,10,2017.29,2285.19,0
L2261,84300,0,8300,0,300,10,1616.81,2032.74,0
L2262,143897.25,0,20000,0,550,300,1740.81,2300.26,0
L2263,270418.57,0,26382.3,0,300,50,3753.63,4671.74,0
L2264,60500,0,1982.83,0,300,50,1670.49,1982.83,0
L2265,81147.25,0,495,0,2800,2500,2170.9,2437.37,0
L2266,85087.5,0,2815.24,0,500,50,2349.21,2815.24,0
L2267,134050,0,19462.5,0,500,50,3272.5,3701.61,0
L2268,58469,0,25000,0,300,50,1392.46,1590.39,0
L2269,116250,0,10000,0,25450,25200,1724.47,2216.39,0
L2270,25300,0,811.28,0,10,10,699.39,811.28,0
L2271,69616,0,6931.6,0,300,300,1782.41,2086.97,0
L2272,54570,0,5100,0,300,50,2059.17,2328.72,0
L2273,135300,0,6750,0,500,500,2170.34,2657.88,0
L2274,35850,0,6600,0,500,500,991.38,1250.56,0
L2275,54250,0,15500,0,12000,12000,764.29,1003.85,0
L2276,65920,0,12800,0,300,50,1129.15,1409.11,0
L2277,37250,0,0,0,500,500,1225,1445.18,0
L2278,49300,0,2350,0,500,500,1327.14,1602.07,0
L2279,27300,0,2500,0,150,150,850,995.25,0
L2280,11880,0,1100,0,500,500,934.55,1054.97,0
L2281,37470,0,3537,0,500,500,815.44,1017.04,0
L2282,107110.5,0,10201,0,300,50,2060.84,2469.09,0
L2283,54570,0,7650,0,300,50,1952.92,2088.65,0
L2284,70599,0,6839.9,0,300,50,1820.26,2115.25,0
L2285,49500,0,4500,0,300,50,1248.61,1516.23,0
L2286,139065,0,19500,0,500,500,2904.02,3583.59,0
L2287,75000,0,7100,0,300,50,1654.88,2025.25,0
L2288,17600,0,1600,0,300,0,455.71,550.95,0
L2289,50760,0,2350,0,300,50,1028.94,1307.88,0
L2290,228582.89,0,11150.35,0,300,50,3344.35,4344.98,0
L2291,69800,-12062.32,10350,0,300,300,1625.82,1890.31,0
L2292,48300,0,2400,0,500,500,1107.32,1326.03,0
L2293,42300,0,2500,0,500,500,958.54,1149.8,0
L2294,28949,0,3500,0,300,50,540.4,671.99,0
L2295,29560,0,2900,0,300,50,1108.75,1217.83,0
L2296,86987,0,8368.7,0,300,50,1331.67,1701.93,0
L2297,67050,0,20000,0,300,50,1305.56,1585.3,1791.39
L2298,91300,0,3374.75,0,300,50,3030.18,3374.75,0
L2299,130400,0,6750,0,300,50,2332.08,3017.01,0
L2300,196000,0,18500,0,300,50,3007.63,3807.63,0
L23008,35510,0,6600,0,300,50,1603.33,1769.71,0
L2301,48295,0,4550,0,300,50,1820.63,2118.97,4500
L2302,76045,0,2500,0,300,50,2099.86,2379.9,0
L2303,32645,0,3000,0,500,50,845.57,1021.51,0
L2304,21300,0,2100,0,300,50,467.07,541.22,0
L2305,55495,0,8000,0,500,500,1566.5,1928.94,0
L2306,110099,0,10949.9,0,2000,1700,2498.69,3047.2,3412.87
L2307,53800,0,2450,0,500,500,1753.45,2096.08,0
L2308,35510,0,6600,0,300,50,1603.33,1769.71,0
L2309,21300,0,2000,0,2300,2000,752.17,868.94,0
L2310,120510,0,11700,0,300,50,3625.33,4126.92,4333.26
L2311,66750,0,6350,0,300,50,1284.04,1572.95,0
L2312,39440,0,0,0,300,50,1313,1530.32,0
L2313,59000,0,5550,0,300,50,1780,2033.47,0
L2314,37260,0,3450,0,300,50,964.57,1157.74,0
L2315,83780,0,4400,0,300,50,2203.61,2570.7,0
L2316,27234,0,1324.75,0,300,50,538.73,688.54,0
L2317,81538.6,0,7750,0,300,50,1568.91,1975.4,2232.21
L2318,17600,0,2400,0,300,50,797.37,896.58,0
L2319,107796,0,9997.5,0,300,50,1844.31,2188.74,0
L2320,70219,0,20165.7,0,300,50,1666.78,1939.47,0
L2321,23050,0,2075,0,300,50,909.78,1032.73,0
L2322,65700,0,10000,0,300,50,2419.57,2709.97,0
L2323,24820,0,2400,0,300,50,466.04,574.03,0
L2324,57271.97,0,16075,0,300,50,1714.46,1958.39,0
L2325,34600,0,3190,0,300,50,531.53,676.1,0
L2326,64500,0,6385,0,500,500,1920.5,2210.95,0
L2327,117539,0,10000,0,300,50,1653.68,2162.89,0
L2328,47550,0,2250,0,500,500,1244.44,1504.61,3159.68
L2329,37099,0,7000,0,300,50,1306.48,1496.81,0
L2331,101100,0,10000,0,300,50,1937.23,2361.49,0
L2332,78541.15,0,15000,0,300,50,1548.56,1858.63,0
L2333,77694.75,0,22198.5,0,300,50,1540.17,1849.9,0
L2334,161000,0,16000,0,15000,14700,2004.62,2767.04,0
L2335,52650,0,2525,0,300,50,1430.71,1698.47,0
L2336,31800,0,3100,0,500,500,805.71,955.52,0
L2337,117539,0,10000,0,300,50,1653.68,2162.89,0
L2338,87550,0,12750,0,300,50,1823.17,2232.86,0
L2339,125500,0,73000,0,500,500,2260.87,2536.01,0
L2340,58240,0,5600,0,300,50,1753,2027.31,0
L2341,42458,0,3995.8,0,300,50,1280.41,1485.81,0
L2342,31600,0,15000,0,300,50,1379.17,1502.21,0
L2343,62656.4,0,12000,0,300,50,1445.9,1716.47,0
L2344,266350,0,26005,0,500,500,6852.71,7973.61,0
L2345,30473,0,6000,0,6000,6000,637,802.21,0
L2346,28149.64,0,1347.42,0,500,500,751.49,911.37,0
L2347,143195,0,21074.25,0,500,500,3474.88,4036.54,0
L2348,36700,0,4500,0,1800,1500,653.19,824.94,0
L2349,56106.49,0,8159.85,0,300,50,1596.55,1836.98,0
L2350,130013.85,0,40000,0,300,50,2499,2925.67,0
L2351,23615,0,3350,0,500,500,681.55,806.09,0
L2352,44403.5,0,6465.53,0,300,50,1306.48,1509.07,0
L2353,42000,0,4000,0,8000,8000,857.14,1075.73,0
L2354,59528.6,0,10000,0,300,50,1413.67,1678.26,5000
L2355,79895.97,0,11500,0,300,50,2278.2,2626.08,0
L2356,21545.67,0,2050,0,300,50,555.59,667.58,0
L2357,28300,0,782.01,0,300,50,669.95,782.01,0
L2358,108895,0,27000,0,300,50,1996.22,2560.94,2868.25
L2359,80470.84,0,7900,0,300,50,2500.72,2886.68,0
L2360,48095,0,4400,0,300,50,928.62,1159.09,0
L2361,195500,0,19000,0,500,500,2983.05,3755.98,0
L2362,70495,-28461.29,9900,0,150,25,917.35,1085.02,0
L2363,102809.6,0,23498.75,0,300,50,2201.69,2632.36,0
L2364,92889.98,0,10000,0,300,50,1762.55,2116.94,0
L2365,123500,0,12200,0,500,500,2357.45,2925.4,0
L2366,27450,0,2550,0,500,50,856.9,1016.88,0
L2367,52207.5,0,8000,0,300,50,1226.6,1488.46,1562.88
L2368,38800,0,15000,0,500,500,803.45,955.11,0
L2369,33095,-19531.48,0,0,500,500,556.61,644.84,3555.88
L2370,123350,-58675,6000,0,300,50,1675.72,1910.96,0
L2371,91300,0,4450,0,300,50,2993.1,3403.86,0
L2372,47000,0,9040,0,500,500,1291.72,1513.52,0
L2373,39973.5,0,3701.25,0,300,50,1034.92,1229.07,0
L2374,161000,0,13000,0,18000,18000,2000,2770.15,0
L2375,142736.96,0,13820,0,300,50,2184.19,2765.45,0
L2376,58500,-31242.11,2850,0,500,500,589.96,705.13,0
L2377,58995,0,11100,0,300,50,1367,1651.3,0
L2378,54000,0,5000,0,300,50,1398.57,1637.14,0
L2379,103060,0,10000,0,300,50,2268.54,2642.84,0
L2380,104800,0,5100,0,300,50,3436.21,3895.88,0
L2381,66420,0,6150,0,500,50,1672.78,1987.46,0
L2382,131050,0,25000,0,300,50,3028.57,3555.76,0
L2383,24300,0,2300,0,500,50,1219.44,1344.16,0
L2384,38300,0,1850,0,500,500,1563.04,1756.5,0
L2385,60695,0,8100,0,300,50,1281.59,1551.03,0
L2386,139288,0,13528.8,0,300,50,2674.66,3336,0
L2387,44500,0,6450,0,500,50,2111.11,2319.48,0
L2388,45064.6,1997.29,1997.29,0,500,500,1782.58,1997.29,0
L2389,52908.68,0,7251.9,0,300,50,1303.05,1547.06,0
L2390,51243.92,0,9249,0,300,50,1446.38,1666.31,0
L2391,36000,0,1000,0,10,10,999.71,1128.3,0
L2392,68580,0,6350,0,300,50,1776.57,2086.51,0
L2393,28920,0,4000,0,300,50,857.59,993.6,0
L2394,92350,0,4450,0,500,50,2440.28,2898.59,0
L2395,124312.5,0,18376.88,0,500,50,4603.72,5166.41,0
L2396,147995,0,14000,0,300,50,2849.89,3447.71,0
L2397,233653.93,0,4467.89,0,300,50,3525.17,4467.89,4467.89
L2398,20300,0,1900,0,300,50,509.72,598.05,0
L2399,49615,0,8800,0,300,50,1164.71,1383,0
L2400,139300,0,13550,0,300,50,3065.85,3723.47,0
L2401,32300,0,6000,0,300,50,1093.75,1238.03,0
L2402,15800,0,4000,0,300,50,1305.56,1368.86,0
L2403,52560,0,5000,0,300,50,1638.28,1875.09,0
L2404,72400,0,7000,0,500,50,1593.9,1874.23,0
L2405,155800,0,15400,0,300,50,4839.66,5568.26,0
L2406,100800,0,10050,0,300,50,2591.43,3064.25,0
L2407,138750,0,13377.7,0,300,50,2666.43,3325.73,0
L2408,37692,0,3490,0,300,50,726.64,907.27,0
L2409,27500,0,2500,0,300,50,1084.78,1227.98,0
L2411,62497.56,0,8773.08,0,300,50,2236.44,2535.26,0
L2412,135200,0,13000,0,300,50,3490,4111.71,0
L2413,108550,0,10800,0,500,50,1655.93,2080.15,0
L2414,115660,0,5600,0,500,50,2291.88,2844.02,0
L2415,32300,0,3000,0,500,500,1252.17,1418.05,0
L2416,58300,0,5500,0,500,500,1803.45,2080.45,0
L2417,68300,0,6500,0,500,500,1751.43,2070.64,0
L2418,36850,0,5400,0,300,50,897.14,1043.38,0
L2419,53304.73,0,7403.43,0,300,50,1273.65,1522.39,0
L2420,18800,0,1750,0,500,50,1545.45,1660.19,0
L2421,246800,0,38000,0,130000,130000,2251.43,3552.78,0
L2422,135560,0,22000,0,500,50,2364.79,2990.47,0
L2423,24900,0,2400,0,300,50,1320.59,1445.81,0
L2424,21550,0,2050,0,300,50,555.71,663.07,0
L2425,65990.5,0,0,0,10000,10000,1166.47,1456.03,0
L2426,43154.64,0,5500,0,300,50,1044.57,1241.7,0
L2427,17500,100,1600,0,300,150,932.35,1029.1,0
L2428,129945,1018.5,30000,0,300,228.05,2123.3,2625.41,0
L2429,123190,0,17999.25,0,300,50,2237.04,2739.41,0
L2430,110300,0,16200,0,500,50,2687.14,3154.64,0
L2431,63100,0,9000,0,300,50,1501.39,1758.38,0
L2432,88464.74,0,8575,0,10,10,1699.57,2090.15,0
L2433,25050,0,2325,0,6000,6000,464.58,584.39,0
L2434,92220,0,13050,0,300,50,1850,2231.65,0
L2435,161000,0,16000,0,25300,25000,2033.9,2818.08,0
L2436,36720,0,5100,0,500,500,1353.04,1549.46,0
L2437,108507.5,0,10451.25,0,500,50,1661.12,2108.26,0
L2438,95750,0,9500,0,10000,9700,1628.72,2068.61,0
L2439,52895,0,5000,0,500,50,2080.22,2341.39,0
L2440,200745,0,65000,0,80000,79700,1556.81,2375.61,0
L2441,51750,0,10150,0,300,50,1187.14,1424.49,0
L2442,63375,0,8625,0,500,50,1823.33,2121.46,0
L2443,64603.75,0,6000,0,500,50,1626.49,1946.48,0
L2444,9700,0,900,0,300,50,583.35,640.84,0
L2445,94300,0,9200,0,300,50,2362.5,2824.51,0
L2446,20300,0,0,0,300,50,843.75,945.27,0
L2447,114300,0,5650,0,500,50,2648.78,3050.05,0
L2448,26790,0,2500,0,4700,4700,544.17,675.51,0
L2449,299500,0,55000,0,140000,140000,2985.71,4423.3,0
L2450,72130,0,13426,0,500,50,1629.28,1956.83,0
L2451,161200,0,16000,0,16000,15700,2194.92,2958.54,0
L2452,30850,0,2000,0,300,208.24,609.4,716.68,0
L2453,137550,0,13500,0,500,208.23,2634.93,3093.95,0
L2454,66320.03,0,6500,0,500,50,1660.28,1928.82,2500
L2455,110657.5,0,10501.25,0,500,246.24,1696.72,2150.18,0
L2456,47900,150,7050,0,500,216.31,1165.25,1393.92,0
L2457,83157.5,0,3925.63,0,500,250.05,1338.67,1711.96,0
L2458,81715.66,0,0,0,10000,10000,1494.08,1830.19,0
L2459,81715.66,0,0,0,10000,10000,1494.08,1830.19,0
L2460,81715.66,0,0,0,10000,10000,1494.08,1830.19,0
L2461,81715.66,0,0,0,10000,10000,1494.08,1830.19,0
L2462,77058.36,0,0,0,500,350,1826.39,2189.92,0
L2463,103863,0,0,0,52500,52000,1058.43,1603.42,0
L2464,92124,0,14000,0,500,232.19,1899.8,2337.03,0
L2466,140840.85,0,27500,0,500,226.16,3142.07,3732.58,12653.45
L2468,153750,0,15300,0,500,192.14,3950.22,4459.38,0
L2469,128250,0,12750,0,500,191.86,3294.52,3719.38,0
L2470,20450,0,3075,0,300,234.52,489.73,581.62,0
L2471,19450,0,2775,0,300,233.7,566.94,655.38,0
L2472,74050,0,11490,0,500,215.15,1731.8,2065.46,0
L2473,65200,0,25000,0,300,265.16,1141,1352.32,0
L2474,170150,0,16500,0,500,348.36,3261.74,3959.87,0
L2475,36200,0,5250,0,300,228.69,1059.36,1227.32,0
L2476,26440,0,2500,0,300,197.58,659.51,756.52,0
L2477,131950,-18015.61,35000,0,300,191.82,2250.81,2541.25,0
L2478,74350,0,14000,0,500,210.27,1670.55,1970.87,0
L2479,122750,0,11880,0,500,206.76,3161.81,3699.27,0
L2480,102942,0,10292,0,300,213.5,1966.73,2336.02,0
L2481,45090,0,6300,0,300,150.83,1332.39,1459.2,0
L2482,63450,0,12000,0,300,198.58,1423.65,1633.71,0
L2483,75650,0,35000,0,300,246.38,859.65,1094.18,0
L2484,112840,0,10850,0,28000,28000,2114,2655.83,0
L2485,62299,0,6000,0,500,206.6,1602.64,1876,0
L2486,78903.27,0,4000,0,300,224.75,1588.9,1843.6,0
L2487,17450,0,4000,0,300,192.28,552.41,626.08,0
L2488,49245,0,15000,0,500,208.46,972.47,1143.17,0
L2489,24150,0,0,0,500,498.45,946.06,1077.95,1131.85
L2490,41450,0,20000,0,500,208.15,923.56,1086.53,0
L2491,34699,0,3300,0,300,188.33,1300.44,1455.72,0
L2492,64200,0,9112.5,0,300,201.01,1892.64,2185.27,0
L2493,51860,0,9000,0,500,202.07,1470.96,1703.92,0
L2494,81000,0,11970,0,300,177.92,2993.57,3255.92,0
L2495,81000,0,11970,0,300,177.92,2993.57,3255.92,0
L2496,157230,0,15075,0,500,215.9,2957.06,3530.43,0
L2497,37700,0,10000,0,500,183.95,1196.35,1324.43,0
L2498,75100,7650,11100,0,300,177.7,3107.49,3379.77,0
L2499,39650,0,5850,0,300,177.68,1461.84,1590.62,0
L2500,93005,0,17300,0,300,230.12,1797.02,2211.92,0
L2501,171000,0,20000,0,25300,25000,2135.59,2840.72,0
L2502,51300,0,5000,0,500,500,1991.3,2262.33,0
L2503,56525,0,12750,0,500,214.67,1244.58,1483.2,0
L2504,157900,0,23325,0,500,212.31,3277.14,3880.92,0
L2505,80950,0,11625,0,10,202.08,1974.94,2285.19,0
L2506,53962.5,0,5351.25,0,500,215.18,1008.25,1204.81,0
L2507,94950,0,4700,0,500,193.46,2573.04,2915.62,0
L2508,40645,0,5700,0,500,202.08,1198.03,1388.15,0
L2509,28250,0,2750,0,500,184.86,1100.66,1221.6,0
L2510,36765,0,6923,0,500,191.96,1235.42,1396.32,0
L2511,54372.11,0,5250,0,300,197,1687.07,1929.62,0
L2512,123350,0,18210,0,500,200.84,2998.26,3458.51,0
L2513,151247,0,22500,0,500,222.69,2734.56,3314.98,0
L2514,57647.5,0,8000,0,300,197.63,1831.48,2098.63,0
L2515,106000,0,15500,0,15500,15000,1841.46,2260.76,0
L2516,77645,0,7500,0,500,201.91,1705.93,1973.07,0
L2517,42350,0,6060,0,500,201.79,1244.42,1440.96,0
L2518,30420,0,2775,0,300,191.52,1193.63,1347.32,0
L2519,80901,0,7800,0,500,214.6,1550.77,1847.51,0
L2520,139696.9,0,26273,0,500,251.51,2407.92,3088.25,3551.49
L2521,367295,0,21561.84,0,300,168.94,20327.31,21561.84,0
L2522,183972.5,0,10795.6,0,300,168.97,10176.94,10795.6,0
L2523,105394.08,0,5160,0,300,213.68,2128.09,2488.25,0
L2524,105394.08,0,5160,0,300,213.68,2128.09,2488.25,0
L2525,108549.9,0,10239.9,0,500,214.16,2087.15,2483.59,0
L2526,276150,17000,17000,0,500,203.41,5753.13,5849.38,0
L2527,74375.91,0,7450,0,300,194.81,2301.07,2617.11,0
L2528,41450,0,2050,0,500,208.64,833.86,980.12,0
L2529,147366,0,21000,0,500,24.39,2141.38,2726.11,0
L2530,66008,0,3500,0,300,228.13,1325.1,1623.94,0
L2531,45270,0,12450,0,300,191.46,1418.63,1600.91,0
L2532,77325,0,11400,0,500,204.76,1602.93,1866.42,0
L2533,57925,0,8250,0,500,214.73,1413.15,1684.03,0
L2534,48600,0,6750,0,500,211.33,1189.68,1408.04,0
L2535,49150,0,4650,0,300,180.62,1846.64,2025.1,0
L2536,45700,0,10000,0,300,193.62,1543.76,1752.02,0
L2537,146100,0,21322.5,0,500,201.78,3559.31,4117.07,0
L2538,41250,0,5850,0,500,196.24,1466.82,1675.02,3785.55
L2539,27950,0,2650,0,300,202.18,865.44,1003.36,0
L2540,42700,0,6187.5,0,500,191.99,1252.43,1414.99,0
L2541,106000,0,15500,0,15500,15000,1841.46,2260.76,0
L2542,15950,0,1500,0,300,195.29,619.77,707.43,0
L2543,171150,0,20000,0,13500,13458.83,2119,2861.65,0
L2544,51926.19,0,10095.24,0,500,195.91,1435.69,1638.44,0
L2545,60700,0,8700,0,300,203.83,1726.54,2007.87,0
L2546,35200,0,3375,0,300,178.2,1861.58,2028.02,0
L2547,97200,0,9575,0,500,214.31,1859.8,2213.26,0
L2548,40850,0,3800,0,500,199.84,1270.7,1463.45,0
L2549,178950,0,31600,0,500,201.83,4204.23,4862.75,0
L2550,27450,0,0,0,5800,5695.63,604.29,726.91,0
L2551,52065,0,7500,0,500,204.17,1267.45,1475.59,0
L2552,113200,0,10875,0,300,201.88,3521.49,4073.87,0
L2553,256100,0,25425,0,500,193.48,6585.19,7459.75,0
L2554,171050,0,16950,0,500,193.3,4397.33,4981.8,0
L2555,41200,0,3875,0,300,186.48,1547.44,1724.03,0
L2556,82931,0,3750,0,500,500,1873.36,2130.52,0
L2557,55950,0,5350,0,300,300,1734.48,2011.52,0
L2558,142315,0,13786.5,0,500,214.01,2730.1,3248.19,0
L2559,98300,0,9500,0,9800,9500,1344.07,1733.96,0
L2560,170360.15,0,8400,0,500,210.09,3369.79,3969.27,0
L2561,51200,0,5000,0,300,199.28,1314.31,1511.57,0
L2562,137119,0,20000,0,300,244.33,2434.89,3080.24,0
L2563,43450,0,4225,0,300,199.18,1115.02,1282.62,0
L2564,33184.75,0,3175,0,300,227.21,504.79,618.82,0
L2565,34200,0,1000,0,500,207.06,1137.69,1333.36,0
L2566,43950,0,8550,0,500,199.08,1005.74,1157.07,0
L2567,57270,0,2317.35,0,300,228.58,943.52,1158.68,0
L2568,177950,0,35000,0,300,239.53,3036.39,3805.45,7991.45
L2569,72950,0,10425,0,300,222.51,1325.59,1606.41,0
L2570,43430,0,8500,0,5000,4500,1323.04,1563.34,0
L2571,52150,0,5050,0,300,205.13,1339.85,1563.12,0
L2572,38950,0,3700,0,300,202.54,1168.25,1355.1,0
L2573,59010,0,22000,0,300,190.3,2165.86,2437.61,2754.49
L2574,28450,0,4761.9,0,300,180.7,979.48,1074.79,0
L2575,28700,0,2700,0,300,246.51,1119.72,1269.74,0
L2576,14950,0,1400,0,300,212.18,459.92,546.98,0
L2577,78450,0,39000,0,10300,10177.1,1219.7,1394.38,0
L2578,46700,0,4525,0,500,212.87,1198.92,1423,0
L2579,52125,0,10000,0,300,224.29,1197.16,1457.5,1661.55
L2580,127150,0,18000,0,500,213.67,3026.01,3594.38,0
L2581,102710,0,24000,0,300,230.25,1868.57,2299.89,0
L2582,101748,0,9559.8,0,300,207.64,2555.02,2995.81,0
L2583,76565,0,18500,0,300,215.84,1652.83,1974.85,0
L2584,99280,0,5000,0,300,223.45,1567.61,1904.12,0
L2585,131260,0,12700,0,300,207.61,2886.64,3385.02,0
L2586,109768,0,21000,0,500,214.69,2108.41,2519.94,0
L2587,70195,0,6500,0,300,205.94,1763.59,2060.88,0
L2588,54200,0,5225,0,300,184.75,2870.01,3181.8,0
L2589,155550,0,22200,0,500,198.29,3698.66,4238.82,4874.65
L2590,163950,0,23400,0,300,198.08,3898.66,4467.95,5138.14
L2591,112950,0,38150,0,500,195.19,3243.69,3693,0
L2592,76290,0,7050,0,300,203.84,1972.46,2181.36,0
L2593,92651,0,8750,0,500,400.54,3479.19,4013.94,0
L2594,96917.14,0,4500,0,18700,18700,2047.7,2458.9,0
L2595,136130,0,30000,0,300,256.85,2252.62,2915.69,0
L2596,135650,0,13000,0,500,216.79,2604.96,3116.89,0
L2597,142200,0,13500,0,500,211.59,3133.86,3708.27,0
L2598,36700,0,3500,0,300,192.48,1435.11,1623.39,0
L2599,97592,0,17980,0,300,216.37,2268.45,2713.38,0
L2600,32350,0,0,0,300,189.24,1340.03,1496.67,0
L2601,25750,0,2450,0,300,268.72,658.04,762.57,0
L2602,114000,3450,0,0,500,221.92,2726.23,3282.46,0
L2603,42020,0,1975,0,300,242.03,846.87,1068.03,0
L2604,24150,0,4000,0,500,196.93,867.52,993.65,0
L2605,142449.99,0,20700,0,500,232.59,2585.48,3196.12,0
L2606,36950,0,13500,0,500,173.95,2116,2279.23,0
L2607,76940,0,14599,0,300,243.88,1724.92,1950,0
L2608,140675,0,27385,0,500,190.46,4712.48,5299.51,0
L2609,12250,0,3000,0,3000,3000,271.74,356.03,0
L2610,58290,0,25000,0,300,199.75,1141.04,1314.33,0
L2611,103400,0,9975,0,500,223.2,1983.02,2404.44,0
L2612,48650,0,6825,0,500,211.58,1188.95,1407.19,0
L2613,115815,0,11386.5,0,500,193.62,2978.14,3376.85,0
L2614,55450,0,16400,0,500,206.39,1294.79,1514.65,0
L2615,81950,0,3950,0,500,214.98,1897.2,2262.35,0
L2616,71200,0,6775,0,300,208.13,1366.32,1603.52,0
L2617,71200,0,6775,0,300,208.13,1366.32,1603.52,0
L2618,56450,0,8250,0,500,208.13,1333.11,1565.14,0
L2619,71200,0,6775,0,300,208.13,1366.32,1603.52,0
L2620,20200,0,1900,0,300,176.19,1510.32,1637.76,0
L2621,84950,0,12000,0,500,227.96,2241.14,2725,0
L2622,95150,0,18000,0,300,227.08,1876.17,2294.81,0
L2623,100993.08,0,10000,0,500,216.84,1931.41,2311.41,0
L2624,157961.5,0,15551.15,0,500,10,5546.74,6539.84,0
L2625,180735,0,27000,0,500,187.92,4387.06,4899.22,0
L2626,108530,0,10600,0,500,210.31,2714.44,3201.19,0
L2627,116300,0,9000,0,300,208.61,2278.54,2678.2,0
L2628,233668.15,0,20800,0,500,221.17,3604.19,4352.37,0
L2629,56159.04,0,5250,0,300,300,1076.79,1314.05,0
L2630,46760,0,4331,0,300,196.07,1407.76,1606.5,0
L2631,116960.94,0,21200,0,500,234.21,2274.45,2822.27,0
L2632,94634.8,0,17600,0,300,229.28,1828.7,2247.13,0
L2633,76470,0,3651,0,35500,34946.27,789.02,1223.42,0
L2634,117950,0,11500,0,500,201.82,3035.66,3511.62,0
L2635,102200,0,10075,0,300,232.61,1955.16,2417.46,2538.34
L2636,21200,0,10000,0,500,193.12,1000.63,1086.68,0
L2637,22845,0,2100,0,300,187.05,1142.11,1275.63,0
L2638,59945,0,8670,0,500,207.81,1418.53,1665.31,0
L2639,33950,0,100,0,300,192.39,1463.37,1655.32,0
L2640,63000,0,12150,0,500,208.34,1688.06,1983.72,0
L2641,99950,0,9800,0,500,204.87,2193.78,2555.94,0
L2642,57316.16,0,13700,0,500,181.59,2554.97,2809.23,0
L2643,108692.94,0,20479.8,0,300,223.64,2094.99,2544.13,0
L2644,93700,0,12705,0,300,241.96,2307.23,2760.6,0
L2645,103200,0,15112.5,0,300,214.15,2440.93,2904.01,0
L2646,123315,0,12086.5,0,500,207.52,2846.69,3334.67,0
L2647,26700,0,2550,0,300,201.9,684.23,792.84,0
L2648,76650,0,7475,0,500,216.89,1467.19,1756.27,0
L2649,62450,0,6000,0,500,207.84,1606.92,1886.36,0
L2650,37535,0,3549,0,500,216.58,964.84,1153.76,0
L2651,187301,0,18600,0,500,213.89,3179,3777.57,0
L2652,28630.07,0,5000,0,300,208.68,650.59,765.93,0
L2653,63820,0,9375,0,495,204.99,1322.93,1541.94,0
L2654,70250,0,10350,0,495,195.83,1705.83,1945.97,0
L2655,51950,0,9600,0,300,230.04,1027.32,1265.84,0
L2656,101000,0,30000,0,500,221.3,1505.93,1819.59,0
L2657,102670,0,30000,0,500,225.65,1541.37,1879.86,0
L2658,57845,0,13848.75,0,500,208.39,1509.93,1775.17,0
L2659,139682,0,20000,0,300,221.51,2024.75,2476.4,0
L2660,130582,0,25486.4,0,300,196.33,2913.87,3432.64,0
L2661,66599,0,12889.8,0,300,196.2,1486.47,1766.77,0
L2662,171445,0,51000,0,500,202.04,3435.51,3973.94,0
L2663,31649,0,6000,0,300,236.82,1104.88,1286.14,0
L2664,80245,0,11500,0,300,219.01,1903.5,2301.34,0
L2665,25950,0,4800,0,300,183.73,1233.31,1365.08,0
L2666,104950,0,10250,0,500,200.59,5202.94,5911.2,0
L2667,77550,0,15039.8,0,500,213.75,1779.9,2116.02,0
L2668,46250,0,11000,0,500,195.68,1460.6,1665.42,0
L2669,120450,0,11750,0,500,202.21,3013.83,3489.88,0
L2670,25095,0,2399.5,0,300,192.71,750.09,885.67,0
L2671,120400,0,0,0,55000,54953.24,1335.65,1882.68,0
L2672,195679.04,0,10000,0,500,303.55,3497.65,4171.49,0
L2673,52950,0,6000,0,500,231.29,1334.82,1648.85,0
L2674,60950,0,11600,0,500,203.8,1694.7,1969.79,0
L2675,48390,0,4500,0,500,209.04,929.38,1093.27,0
L2676,48390,0,4500,0,500,209.04,929.38,1093.27,0
L2677,48390,0,4500,0,500,209.04,929.38,1093.27,0
L2678,48390,0,4500,0,500,209.04,929.38,1093.27,0
L2679,80175.56,0,23107,0,400,189.05,1895.98,2237.85,0
L2680,48390,0,4500,0,500,209.04,929.38,1093.27,0
L2681,109950,0,15050,0,500,240.09,2151.36,2700.1,0
L2682,66450,0,13000,0,500,215.94,1298.39,1551.45,0
L2683,203650,-2000,0,0,500,222.44,3357.13,4089.59,0
L2684,173465,0,32944,0,495,495,2593.07,3341.99,0
L2685,91450,0,13200,0,500,219.91,2229.43,2685.56,0
L2686,201650,0,0,0,500,222.44,3357.13,4089.59,0
L2687,44970,0,6225,0,300,219.53,1070.15,1289.29,0
L2688,29310,0,1192.85,0,300,10,476.39,596.43,0
L2689,37950,0,1000,0,500,202.03,1049.94,1216.38,0
L2690,131230,0,18862.5,0,500,225.45,2735.17,3333.57,0
