Lease Number,Customer Code,Funding Date,Payment Start Date,Total Terms,Interest Rate,Status,tax_code
23119,23119,6/24/2019,7/15/2019,59,1,CANC,ONPG
L1001,23021,8/22/2018,9/15/2018,35,11,SOLD,ONPG
L1002,23012,9/6/2018,10/1/2018,47,12,SOLD,ONPG
L1003,23010,8/31/2018,10/1/2018,35,10,SOLD,SK-1
L1004,23002,8/15/2018,9/15/2018,37,10.25,SOLD,ONPG
L1005,23014,8/28/2018,10/1/2018,59,8.63,SOLD,ABG
L1006,23006,9/13/2018,10/15/2018,49,9,SOLD,ONPG
L1007,23026,10/11/2018,11/15/2018,52,7.99,SOLD,ABG
L1008,23008,9/20/2018,10/15/2018,29,10,SOLD,ONPG
L1009,23010,9/27/2018,11/1/2018,35,10,SOLD,SK-1
L1010,23029,10/22/2018,11/15/2018,50,8,SOLD,ONPG
L1011,23020,11/5/2018,12/1/2018,49,8.25,SOLD,ABG
L1012,23036,10/16/2018,11/15/2018,59,9.25,SOLD,ABG
L1014,23034,10/23/2018,11/15/2018,23,15.69,SOLD,NSPG
L1015,23036,10/30/2018,12/1/2018,59,11,SOLD,ABG
L1017,23043,11/12/2018,12/15/2018,60,8.12,SOLD,ONPG
L1017A,23210,9/15/2019,9/15/2019,50,9.09,SOLD,ONPG
L1018,23041,11/14/2018,12/15/2018,48,12.16,SOLD,ONPG
L1019,23053,11/29/2018,1/1/2019,31,10,SOLD,SK-1
L1020,23055,12/4/2018,1/1/2019,47,9.75,SOLD,ONPG
L1021,23014,12/7/2018,1/1/2019,59,8,SOLD,ABG
L1022,23056,1/15/2019,1/15/2019,35,8.99,SOLD,ONPG
L1023,23057,1/21/2019,2/15/2019,35,8.99,SOLD,ONPG
L1024,23059,1/22/2019,2/15/2019,29,12.99,SOLD,ONPG
L1025,23625,1/28/2019,3/1/2019,60,7.9,SOLD,ABG
L1026,23061,2/23/2019,3/1/2019,35,12.5,SOLD,ONPG
L1027,23062,2/14/2019,3/15/2019,36,10.9,SOLD,ONPG
L1028,23104,2/7/2019,3/1/2019,29,17.4,SOLD,ONPG
L1029,23065,2/11/2019,3/15/2019,47,9,SOLD,SK-1
L1030,23067,2/14/2019,3/15/2019,36,10.5,SOLD,ONPG
L1031,23069,2/20/2019,3/15/2019,39,16.5,SOLD,ONPG
L1031A,23069,7/13/2020,8/15/2020,13,13,SOLD,ONPG
L1032,23072,2/14/2019,3/15/2019,64,8.5,SOLD,ONPG
L1033,23076,2/20/2019,3/15/2019,49,8.99,SOLD,NSPG
L1034,23078,2/21/2019,3/15/2019,30,12,SOLD,ONPG
L1035,23078,2/22/2019,3/15/2019,30,12,SOLD,ONPG
L1036,23082,2/22/2019,3/15/2019,59,6.99,SOLD,ONPG
L1037,23085,2/22/2019,3/15/2019,59,7.5,SOLD,ONPG
L1039,23090,2/27/2019,4/1/2019,48,10,SOLD,MB-1
L1040,23105,2/25/2019,4/1/2019,36,10.5,SOLD,ONPG
L1041,23107,2/28/2019,4/1/2019,47,7.99,SOLD,ONPG
L1042,23094,2/26/2019,4/1/2019,41,10,SOLD,ONPG
L1043,23096,2/26/2019,4/1/2019,35,11,SOLD,ONPG
L1044,23109,3/14/2019,4/15/2019,42,10.86,SOLD,BC-1
L1045,23112,3/8/2019,4/1/2019,36,9.5,SOLD,MB-1
L1046,23115,3/19/2019,4/15/2019,59,8,SOLD,ONPG
L1047,23117,3/21/2019,4/1/2019,63,7.9,SOLD,ONPG
L1048,23119,4/2/2019,5/1/2019,17,11.9,SOLD,ONPG
L1049,23121,4/10/2019,5/15/2019,47,7,SOLD,BCPG
L1050,23123,3/26/2019,5/1/2019,55,9.5,SOLD,ONPG
L1051,23125,3/27/2019,5/1/2019,25,10,SOLD,ONPG
L1053,23076,4/2/2019,5/1/2019,49,8.98,SOLD,NSPG
L1054,23129,4/1/2019,5/1/2019,61,6.5,SOLD,ONPG
L1055,23043,4/3/2019,5/1/2019,62,7.75,SOLD,ONPG
L1056,23135,4/4/2019,5/1/2019,59,9.2,SOLD,ONPG
L1057,23133,4/4/2019,5/1/2019,41,9,SOLD,ONPG
L1058,23140,5/13/2019,6/15/2019,59,9.5,SOLD,ONPG
L1059,23139,5/6/2019,6/1/2019,18,15.9,SOLD,BC-1
L1060,23137,4/12/2019,5/15/2019,59,9,SOLD,ONPG
L1061,23142,4/17/2019,5/15/2019,58,8.5,SOLD,ONPG
L1062,23145,4/25/2019,6/1/2019,36,8.75,SOLD,ONPG
L1063,23149,5/14/2019,6/15/2019,50,13.25,SOLD,ONPG
L1064,23150,5/13/2019,6/15/2019,59,7.99,SOLD,ONPG
L1065,23153,5/22/2019,6/15/2019,29,7.99,SOLD,NSPG
L1066,23156,5/21/2019,6/15/2019,24,11.99,SOLD,ONPG
L1067,23208,5/29/2019,7/1/2019,35,7.99,SOLD,MB-1
L1068,23063,5/31/2019,7/1/2019,60,7.25,SOLD,MB-1
L1069,23020,6/14/2019,7/15/2019,56,7.99,SOLD,NSPG
L1070,23162,6/7/2019,7/1/2019,60,7.5,SOLD,ONPG
L1071,23164,6/18/2019,7/15/2019,60,8.25,SOLD,ABG
L1072,23119,6/21/2019,7/15/2019,59,9,SOLD,NSPG
L1073,23168,6/21/2019,7/15/2019,63,10,SOLD,ONPG
L1074,23597,7/9/2019,8/1/2019,59,6.9,SOLD,ABG
L1075,23002,7/10/2019,8/1/2019,48,9,SOLD,ONPG
L1076,23173,7/12/2019,8/15/2019,61,11.99,SOLD,ONPG
L1077,23176,7/26/2019,9/1/2019,59,5.99,SOLD,ABG
L1078,23176,7/26/2019,9/1/2019,59,5.99,SOLD,NSPG
L1079,23179,8/9/2019,9/15/2019,59,8.99,SOLD,ABG
L1080,23181,8/1/2019,9/1/2019,47,8.99,SOLD,ONPG
L1081,23183,8/6/2019,9/1/2019,59,5.99,SOLD,ONPG
L1082,23185,8/9/2019,9/15/2019,29,8,SOLD,ONPG
L1083,23187,8/12/2019,9/15/2019,37,8.85,SOLD,ONPG
L1084,23189,8/20/2019,9/15/2019,36,6.99,SOLD,ONPG
L1085,23191,8/23/2019,9/15/2019,29,10.31,SOLD,ONPG
L1086,23193,8/23/2019,9/15/2019,35,9.5,SOLD,ONPG
L1087,23195,9/6/2019,10/1/2019,43,16.14,SOLD,ABG
L1088,23197,8/29/2019,10/1/2019,61,8.99,SOLD,ONPG
L1089,23226,10/11/2019,11/15/2019,59,6.99,SOLD,ONPG
L1090,23199,9/4/2019,10/1/2019,62,6.9,SOLD,ONPG
L1091,23203,9/12/2019,10/15/2019,62,6.9,SOLD,ONPG
L1092,23201,9/10/2019,10/1/2019,29,8.5,SOLD,ONPG
L1093,23208,10/24/2019,11/15/2019,35,8.98,SOLD,MB-1
L1094,23206,9/24/2019,10/15/2019,35,10.18,SOLD,ONPG
L1095,23212,9/17/2019,10/15/2019,35,12,SOLD,ONPG
L1096,23010,9/27/2019,11/1/2019,47,10.25,SOLD,SK-1
L1097,23217,10/3/2019,11/1/2019,59,8.9,SOLD,ONPG
L1098,23163,10/1/2019,10/1/2019,48,1.49,SOLD,ONPG
L1099,23221,10/8/2019,11/1/2019,35,11.99,SOLD,ONPG
L1100,23064,9/15/2019,9/15/2019,51,9.1,SOLD,ONPG
L1101,23224,10/7/2019,11/1/2019,59,9,SOLD,MB-1
L1102,23229,10/22/2019,11/15/2019,47,7.5,SOLD,ONPG
L1103,23231,10/22/2019,11/15/2019,23,12.9,SOLD,ONPG
L1104,23234,11/20/2019,12/15/2019,32,10.25,SOLD,ONPG
L1105,23208,11/8/2019,12/1/2019,29,8.97,SOLD,MB-1
L1106,23237,11/19/2019,12/15/2019,35,6.99,SOLD,ONPG
L1107,23208,11/28/2019,1/1/2020,35,8.98,SOLD,MB-1
L1108,23020,11/28/2019,1/15/2020,61,7.99,SOLD,NSPG
L1109,23240,11/29/2019,1/1/2020,47,7.49,SOLD,ONPG
L1110,23238,12/2/2019,1/1/2020,63,7.65,SOLD,ONPG
L1111,23243,12/2/2019,1/1/2020,59,9.03,SOLD,ONPG
L1112,23224,12/4/2019,1/15/2020,59,10,SOLD,MB-1
L1113,23246,12/4/2019,1/1/2020,47,9,SOLD,ONPG
L1114,23249,12/4/2019,1/1/2020,47,11,SOLD,ABG
L1115,23246,12/4/2019,1/1/2020,47,9,SOLD,ONPG
L1116,23250,12/13/2019,1/15/2020,37,11.99,SOLD,SK-1
L1117,23020,12/18/2019,1/15/2020,50,8.25,SOLD,NSPG
L1118,23253,12/18/2019,1/15/2020,59,7.5,SOLD,ONPG
L1119,23189,12/13/2019,1/15/2020,35,9.99,SOLD,ONPG
L1120,23256,12/23/2019,2/1/2020,35,10.93,SOLD,ONPG
L1121,23920,12/24/2019,1/15/2020,49,9,SOLD,ONPG
L1122,23260,1/13/2020,2/1/2020,35,7.99,SOLD,ONPG
L1123,23265,1/24/2020,3/15/2020,47,9.5,SOLD,ONPG
L1124,23264,1/21/2020,3/1/2020,30,9.98,SOLD,ONPG
L1125,23267,1/27/2020,3/1/2020,17,13,SOLD,BCPG
L1126,23082,1/27/2020,3/1/2020,47,6.39,SOLD,ONPG
L1127,23270,1/29/2020,3/1/2020,47,8.91,SOLD,ONPG
L1128,23139,2/7/2020,3/1/2020,29,15.9,SOLD,BC-1
L1129,23219,2/5/2020,3/1/2020,35,6.49,SOLD,ONPG
L1130,23272,2/10/2020,3/1/2020,35,8.16,SOLD,ONPG
L1131,23275,2/14/2020,3/15/2020,47,13.36,SOLD,ONPG
L1132,23283,2/7/2020,3/1/2020,47,8.25,SOLD,ONPG
L1133,23278,2/17/2020,3/15/2020,41,10.89,SOLD,ONPG
L1134,23281,2/12/2020,3/1/2020,49,11.99,SOLD,ONPG
L1135,23321,5/20/2020,6/15/2020,39,10,SOLD,ABG
L1136,23285,2/19/2020,3/15/2020,23,10.5,SOLD,ONPG
L1137,23287,2/21/2020,3/15/2020,50,10.04,SOLD,ONPG
L1140,23292,2/21/2020,3/15/2020,36,11.99,SOLD,ONPG
L1141,23294,4/7/2020,5/1/2020,35,10,SOLD,ABG
L1142,23504,2/27/2020,4/15/2020,50,9,SOLD,ONPG
L1143,23315,3/9/2020,4/1/2020,48,7.5,SOLD,ONPG
L1144,23298,2/24/2020,4/15/2020,62,7.6,SOLD,ONPG
L1145,23300,3/18/2020,4/15/2020,35,18.95,SOLD,ABG
L1146,23346,2/26/2020,4/1/2020,47,11,SOLD,NSPG
L1148,23308,3/16/2020,4/15/2020,36,7,SOLD,NBPG
L1149,23311,2/27/2020,4/1/2020,30,11.9,SOLD,ONPG
L1150,23542,5/13/2020,6/1/2020,36,11.99,SOLD,ABG
L1151,23504,3/4/2020,4/15/2020,29,10,SOLD,ONPG
L1153,23325,3/13/2020,4/15/2020,35,10,SOLD,NSPG
L1154,23323,3/10/2020,4/1/2020,59,6.9,SOLD,ONPG
L1155,23185,3/9/2020,3/15/2020,33,8.25,SOLD,ONPG
L1156,23327,3/23/2020,4/15/2020,48,8,SOLD,ONPG
L1157,23339,3/31/2020,5/1/2020,36,7.5,SOLD,ONPG
L1158,23333,3/19/2020,4/15/2020,47,7.5,SOLD,ONPG
L1159,23335,3/20/2020,4/15/2020,27,10,SOLD,ONPG
L1160,23331,4/17/2020,5/15/2020,41,12,SOLD,ONPG
L1161,23329,3/19/2020,4/15/2020,29,9.9,SOLD,ONPG
L1162,23337,3/23/2020,4/15/2020,59,6.5,SOLD,ONPG
L1163,23344,4/2/2020,5/1/2020,36,9.75,SOLD,MB-1
L1164,23352,4/14/2020,5/1/2020,48,8.75,SOLD,ONPG
L1165,23341,3/31/2020,5/1/2020,46,6.99,SOLD,NSPG
L1166,23292,4/15/2020,5/15/2020,18,11.99,SOLD,ONPG
L1167,23353,4/30/2020,5/15/2020,35,12.97,SOLD,MB-1
L1168,23348,4/16/2020,5/15/2020,11,9.97,SOLD,NBPG
L1169,23350,4/3/2020,5/1/2020,55,5.25,SOLD,ABG
L1170,23335,5/8/2020,6/1/2020,23,11.5,SOLD,ONPG
L1171,23224,4/22/2020,5/15/2020,59,5.5,SOLD,MB-1
L1172,23354,4/23/2020,5/15/2020,53,8,SOLD,ONPG
L1173,23356,4/22/2020,5/15/2020,23,8.9,SOLD,ONPG
L1174,23354,4/24/2020,5/15/2020,53,8,SOLD,ONPG
L1175,23346,5/8/2020,6/1/2020,47,8.25,SOLD,ONPG
L1176,23082,5/25/2020,6/15/2020,35,6.99,SOLD,ONPG
L1177,23358,5/14/2020,6/1/2020,23,8.5,SOLD,ONPG
L1178,23333,5/28/2020,7/1/2020,41,7.5,SOLD,ABG
L1179,23360,5/14/2020,6/15/2020,35,8,SOLD,ONPG
L1180,23367,5/19/2020,6/15/2020,23,7.5,SOLD,ONPG
L1181,23361,5/20/2020,6/15/2020,59,5.49,SOLD,ONPG
L1182,23363,5/29/2020,7/1/2020,41,8,SOLD,ABG
L1183,23369,5/26/2020,7/1/2020,23,8,SOLD,ONPG
L1184,23372,6/12/2020,7/15/2020,29,8.75,SOLD,ONPG
L1185,23377,6/12/2020,7/15/2020,65,7.75,SOLD,ABG
L1187,23371,5/26/2020,7/1/2020,35,5.49,SOLD,ONPG
L1188,23386,6/17/2020,7/15/2020,23,7.5,SOLD,ONPG
L1189,23384,6/17/2020,7/15/2020,35,9.9,SOLD,ONPG
L1190,23380,6/3/2020,7/1/2020,42,8.25,SOLD,ONPG
L1191,23208,6/4/2020,6/15/2020,15,12.9,SOLD,MB-1
L1193,23219,6/10/2020,7/1/2020,35,5.49,SOLD,ONPG
L1194,23219,6/11/2020,7/1/2020,47,6.3,SOLD,ONPG
L1196,23390,6/22/2020,7/15/2020,59,10,SOLD,ONPG
L1197,23387,6/22/2020,7/15/2020,47,7.5,ACTV,BC-1
L1198,23392,7/7/2020,8/15/2020,47,9.4,SOLD,ABG
L1199,23394,7/8/2020,8/1/2020,59,6,SOLD,ONPG
L1200,23396,6/30/2020,8/1/2020,36,8.9,SOLD,ONPG
L1201,23398,7/7/2020,7/15/2020,35,6.5,SOLD,ABG
L1202,23400,7/28/2020,8/15/2020,59,7.15,SOLD,ABG
L1204,23402,7/16/2020,8/15/2020,17,9.5,SOLD,ONPG
L1205,23406,7/20/2020,8/15/2020,35,9.8,SOLD,ONPG
L1206,23490,7/24/2020,8/15/2020,35,9.95,SOLD,ABG
L1207,23410,7/27/2020,9/1/2020,48,10.45,SOLD,ONPG
L1208,23026,7/28/2020,9/15/2020,59,5.9,SOLD,ABG
L1209,23418,7/28/2020,8/15/2020,29,7.9,SOLD,ONPG
L1210,23415,7/29/2020,9/1/2020,41,7.25,SOLD,BCPG
L1211,23404,7/29/2020,8/15/2020,59,6.8,SOLD,ABG
L1212,23420,8/5/2020,9/1/2020,42,6,SOLD,ONPG
L1213,23183,8/11/2020,9/15/2020,30,5.99,SOLD,ONPG
L1214,23428,8/12/2020,9/15/2020,23,6.5,SOLD,ONPG
L1215,23425,8/13/2020,9/15/2020,23,9.9,SOLD,ONPG
L1216,23219,8/13/2020,9/1/2020,47,5.89,SOLD,ONPG
L1217,23210,8/19/2020,9/15/2020,41,8.5,SOLD,ONPG
L1218,23422,8/19/2020,9/15/2020,27,13.75,SOLD,BC-1
L1219,23415,8/27/2020,9/15/2020,65,5.99,ACTV,BCPG
L1220,23429,9/2/2020,10/1/2020,36,10,SOLD,ABG
L1221,23431,9/15/2020,10/15/2020,23,10,SOLD,NSPG
L1222,23185,9/29/2020,11/1/2020,41,7.6,SOLD,ONPG
L1223,23433,9/29/2020,10/15/2020,29,9.77,SOLD,ONPG
L1224,23150,10/1/2020,11/1/2020,35,5.45,SOLD,ONPG
L1225,23072,9/21/2020,10/21/2020,13,14.99,SOLD,ONPG
L1226,23073,9/15/2020,10/15/2020,38,13.9,SOLD,ONPG
L1227,23248,9/15/2020,10/1/2020,26,14.95,SOLD,ONPG
L1228,23429,10/5/2020,11/1/2020,35,10,SOLD,ONPG
L1229,23208,10/5/2020,11/15/2020,24,11,SOLD,MB-1
L1230,23436,10/7/2020,11/1/2020,47,9.99,SOLD,ONPG
L1231,23438,10/9/2020,11/1/2020,23,12,SOLD,ONPG
L1232,23129,10/14/2020,11/15/2020,59,5.49,ACTV,ONPG
L1233,23281,10/15/2020,11/1/2020,23,12.99,SOLD,ONPG
L1234,23431,10/15/2020,11/15/2020,36,9.8,STCK,NSPG
L1235,23443,10/16/2020,11/15/2020,23,7.5,SOLD,ONPG
L1236,23442,10/19/2020,11/15/2020,59,5.9,SOLD,ONPG
L1237,23183,10/22/2020,11/15/2020,35,6.99,SOLD,ONPG
L1238,23449,10/23/2020,11/15/2020,36,8,SOLD,BC-1
L1239,23335,10/23/2020,11/15/2020,53,7.75,SOLD,ONPG
L1240,23440,10/26/2020,12/1/2020,62,8.9,ACTV,ABG
L1241,23446,10/29/2020,12/1/2020,23,8.25,SOLD,ONPG
L1242,23451,10/30/2020,11/15/2020,47,9.9,SOLD,MB-1
L1243,23454,11/3/2020,11/15/2020,47,5.9,SOLD,MB-1
L1244,23456,11/6/2020,12/1/2020,35,10,SOLD,MB-1
L1245,23335,11/10/2020,12/15/2020,53,8,SOLD,ONPG
L1246,23333,11/10/2020,12/15/2020,48,7.9,SOLD,ABG
L1247,23461,11/13/2020,12/15/2020,24,12.09,SOLD,ABG
L1248,23465,11/13/2020,12/15/2020,17,16.9,SOLD,ONPG
L1249,23333,11/16/2020,12/15/2020,48,7.9,SOLD,ABG
L1250,23467,11/16/2020,12/15/2020,47,8.7,SOLD,MB-1
L1251,23469,11/19/2020,12/1/2020,41,7.99,SOLD,BC-1
L1252,23446,11/19/2020,12/15/2020,41,8,SOLD,ONPG
L1253,23306,11/19/2020,12/15/2020,48,8.9,SOLD,ONPG
L1254,23449,11/24/2020,12/15/2020,45,9.46,SOLD,BC-1
L1255,23387,11/25/2020,12/15/2020,59,6.95,SOLD,BC-1
L1256,23471,11/30/2020,1/1/2021,41,8,SOLD,ONPG
L1257,23473,12/3/2020,1/1/2021,12,14.33,SOLD,ONPG
L1258,23129,12/3/2020,1/1/2021,59,5.49,ACTV,ONPG
L1259,23129,12/3/2020,1/1/2021,59,5.45,ACTV,ONPG
L1260,23475,12/7/2020,1/1/2021,29,9.25,SOLD,ABG
L1261,23476,12/8/2020,1/1/2021,12,10.95,SOLD,ONPG
L1262,23478,12/8/2020,1/1/2021,47,5.5,SOLD,ONPG
L1263,23480,12/10/2020,1/1/2021,41,8.99,SOLD,ONPG
L1264,23361,12/14/2020,1/15/2021,36,6.5,SOLD,ONPG
L1265,23483,12/15/2020,1/15/2021,29,9.45,SOLD,BC-1
L1266,23459,12/18/2020,1/15/2021,48,8.9,STCK,MB-1
L1267,23491,12/21/2020,1/15/2021,35,5.95,SOLD,ABG
L1268,23493,12/21/2020,12/15/2020,43,7,SOLD,ONPG
L1269,23498,12/22/2020,1/15/2021,35,10.5,SOLD,ONPG
L1270,23488,12/23/2020,1/15/2021,35,9.45,SOLD,ONPG
L1271,23496,12/23/2020,2/1/2021,35,8.25,SOLD,ONPG
L1272,23442,12/29/2020,2/1/2021,59,5.9,SOLD,ONPG
L1273,23371,12/29/2020,1/1/2021,37,5.99,SOLD,ONPG
L1274,23501,12/31/2020,2/1/2021,41,9.75,SOLD,ONPG
L1275,23321,1/4/2021,2/1/2021,35,8.45,SOLD,ABG
L1276,23482,1/7/2021,2/1/2021,35,10.95,SOLD,BCPG
L1277,23510,1/8/2021,2/1/2021,29,10.95,SOLD,ABG
L1278,23518,1/14/2021,2/15/2021,35,8.75,SOLD,ONPG
L1279,23513,1/14/2021,2/1/2021,23,7,SOLD,BCPG
L1280,23516,1/15/2021,2/15/2021,48,7,SOLD,ONPG
L1281,23459,1/15/2021,2/15/2021,59,7.9,ACTV,ONPG
L1282,23521,1/21/2021,2/15/2021,36,9.5,SOLD,NSPG
L1283,23525,1/22/2021,2/15/2021,47,7.75,SOLD,NSPG
L1284,23523,1/22/2021,2/15/2021,47,9.45,SOLD,SKPG
L1285,23529,1/26/2021,3/1/2021,42,10.2,SOLD,ABG
L1286,23508,1/27/2021,3/15/2021,47,11,SOLD,ONPG
L1287,23527,1/27/2021,3/1/2021,29,11,SOLD,BC-1
L1288,23531,1/27/2021,3/1/2021,23,8.45,SOLD,ABG
L1289,24421,1/29/2021,3/1/2021,59,5.5,ACTV,ONPG
L1290,23534,2/2/2021,3/1/2021,41,10.25,SOLD,ONPG
L1291,23528,2/1/2021,2/15/2021,35,10.25,SOLD,BC-1
L1292,23536,2/3/2021,3/1/2021,35,8.67,SOLD,NSPG
L1293,23264,2/4/2021,3/1/2021,35,7.02,SOLD,ONPG
L1294,23454,2/4/2021,3/1/2021,47,5.6,SOLD,MB-1
L1295,23545,2/5/2021,3/1/2021,41,7.9,SOLD,ABG
L1296,23371,2/5/2021,2/1/2021,37,5.89,SOLD,ONPG
L1297,23454,2/5/2021,3/1/2021,47,5.6,SOLD,MB-1
L1298,23735,2/8/2021,3/1/2021,36,12.47,SOLD,ONPG
L1299,23543,2/8/2021,3/1/2021,19,10.45,SOLD,ONPG
L1300,23547,2/9/2021,3/1/2021,23,12.99,SOLD,BC-1
L1301,23335,2/9/2021,3/1/2021,35,8.7,SOLD,ONPG
L1302,23467,2/11/2021,3/15/2021,35,7.99,SOLD,MB-1
L1303,23550,2/17/2021,3/15/2021,47,9.95,SOLD,ONPG
L1304,23560,2/26/2021,3/1/2021,48,5.5,SOLD,ONPG
L1305,23557,3/2/2021,4/1/2021,35,9.6,SOLD,ONPG
L1306,23014,3/4/2021,4/1/2021,59,5.49,SOLD,ABG
L1307,23552,3/5/2021,4/1/2021,26,8.99,SOLD,ONPG
L1308,23151,3/8/2021,4/1/2021,35,5.49,SOLD,ONPG
L1309,23564,3/8/2021,4/1/2021,42,9.45,SOLD,ONPG
L1310,23562,3/9/2021,4/1/2021,23,12.99,SOLD,ONPG
L1311,23219,3/11/2021,4/1/2021,35,5.35,SOLD,ONPG
L1312,23560,3/11/2021,3/15/2021,48,5.5,SOLD,ONPG
L1313,23568,3/11/2021,4/15/2021,59,5.95,SOLD,ONPG
L1314,23565,3/16/2021,4/15/2021,17,11.5,SOLD,SK-1
L1315,23573,3/17/2021,4/15/2021,35,7.2,SOLD,MB-1
L1317,23573,3/17/2021,4/15/2021,47,6.9,SOLD,MB-1
L1318,23577,3/19/2021,4/15/2021,64,7.75,ACTV,ONPG
L1319,23579,3/19/2021,4/15/2021,47,6.95,SOLD,ONPG
L1320,23581,3/19/2021,4/15/2021,63,7.2,SOLD,SKPG
L1321,23583,3/22/2021,4/15/2021,36,11.45,SOLD,BC-1
L1322,23491,3/22/2021,4/15/2021,30,5.95,SOLD,MBPG
L1323,23575,3/23/2021,4/15/2021,47,9.75,SOLD,ONPG
L1324,23570,3/12/2021,4/1/2021,35,5.49,SOLD,ONPG
L1325,23584,3/24/2021,4/15/2021,47,7.9,SOLD,ABG
L1326,23560,3/24/2021,4/15/2021,35,6.75,SOLD,ONPG
L1327,23498,3/26/2021,4/15/2021,35,8.9,SOLD,ONPG
L1328,23588,3/26/2021,4/15/2021,59,5.49,ACTV,ONPG
L1329,23371,3/29/2021,5/1/2021,36,5.89,SOLD,ONPG
L1330,23431,3/30/2021,5/1/2021,59,9.2,SOLD,NSPG
L1331,23591,3/30/2021,5/1/2021,47,5.99,SOLD,NBPG
L1332,23224,3/31/2021,5/1/2021,59,7.75,ACTV,MB-1
L1333,23598,4/1/2021,5/1/2021,47,5.65,SOLD,ONPG
L1334,23467,4/1/2021,5/1/2021,35,9.3,SOLD,MB-1
L1335,23589,4/8/2021,5/1/2021,48,7.5,SOLD,ONPG
L1336,23185,4/9/2021,5/1/2021,29,9.9,SOLD,ONPG
L1337,23599,4/13/2021,5/1/2021,47,13.5,SOLD,SKPG
L1338,23606,4/15/2021,5/15/2021,47,5.95,SOLD,ONPG
L1339,23602,4/16/2021,5/15/2021,60,5.75,ACTV,SK-1
L1340,24049,4/20/2021,5/15/2021,36,8.25,SOLD,SK-1
L1341,23210,4/22/2021,5/15/2021,36,7.25,SOLD,ONPG
L1342,23210,4/22/2021,5/15/2021,29,6.49,SOLD,ONPG
L1343,23609,4/23/2021,5/15/2021,23,8.25,SOLD,BC-1
L1344,23553,4/29/2021,5/15/2021,35,7.77,SOLD,ONPG
L1345,23613,4/29/2021,6/1/2021,41,13.95,SOLD,ABG
L1346,23253,4/29/2021,6/1/2021,53,7.25,SOLD,ABG
L1347,23615,4/29/2021,6/1/2021,31,9.45,SOLD,ONPG
L1348,23608,4/30/2021,6/1/2021,47,5.75,SOLD,ONPG
L1349,23529,4/30/2021,6/1/2021,53,10.2,SOLD,NSPG
L1350,23617,5/3/2021,6/1/2021,59,6.75,ACTV,ONPG
L1351,23335,5/6/2021,6/1/2021,47,8.25,SOLD,ONPG
L1352,23573,5/6/2021,6/1/2021,35,6.54,SOLD,MB-1
L1353,23604,5/10/2021,6/1/2021,35,8.25,SOLD,NBPG
L1354,23623,5/10/2021,6/1/2021,65,6.99,SOLD,MB-1
L1355,23620,5/12/2021,6/1/2021,53,8.25,SOLD,ONPG
L1356,23553,5/13/2021,6/1/2021,19,9.5,SOLD,ONPG
L1357,23622,5/14/2021,6/15/2021,35,14.95,SOLD,MB-1
L1358,23559,5/21/2021,6/1/2021,29,9.06,SOLD,ONPG
L1359,23623,5/25/2021,6/15/2021,47,6.99,SOLD,MB-1
L1360,23637,5/27/2021,7/1/2021,60,5.91,SOLD,BC-1
L1361,23185,5/28/2021,7/1/2021,60,6,ACTV,ONPG
L1362,23632,5/28/2021,7/1/2021,47,6.99,SOLD,ABG
L1363,23534,5/28/2021,7/1/2021,41,10.25,SOLD,ONPG
L1364,23625,6/7/2021,7/1/2021,59,6.35,ACTV,ABG
L1365,23639,6/9/2021,7/1/2021,53,10,SOLD,ONPG
L1366,23648,6/11/2021,7/15/2021,47,6.25,SOLD,ONPG
L1367,23573,6/14/2021,7/15/2021,47,6.45,ACTV,MB-1
L1368,23647,6/14/2021,7/15/2021,59,6.99,SOLD,ABG
L1369,23609,6/15/2021,7/15/2021,23,8.25,SOLD,BC-1
L1370,23650,6/16/2021,7/15/2021,41,7,SOLD,BC-1
L1371,23660,6/18/2021,7/15/2021,53,7.25,SOLD,ABG
L1372,23107,6/18/2021,7/15/2021,47,5.75,SOLD,ONPG
L1373,23197,6/18/2021,7/15/2021,59,5.45,ACTV,ONPG
L1374,23657,6/23/2021,7/15/2021,41,9.99,SOLD,ONPG
L1375,23642,6/22/2021,7/15/2021,35,6.9,SOLD,ONPG
L1376,23107,6/23/2021,7/15/2021,29,10.99,SOLD,ONPG
L1377,23652,6/24/2021,7/15/2021,59,7.45,SOLD,ONPG
L1378,23654,6/24/2021,7/15/2021,53,6.95,ACTV,ONPG
L1379,23668,6/28/2021,8/1/2021,35,11.9,SOLD,ABG
L1380,23663,6/29/2021,7/15/2021,47,6.45,ACTV,BC-1
L1381,23672,6/29/2021,8/1/2021,59,8.95,SOLD,ONPG
L1382,23811,6/29/2021,8/1/2021,47,8.25,SOLD,ABG
L1383,23665,6/29/2021,8/1/2021,47,7.45,SOLD,ABG
L1384,23676,7/2/2021,8/1/2021,59,5.5,ACTV,BCPG
L1385,23197,7/5/2021,8/1/2021,47,6,SOLD,ONPG
L1386,23123,7/6/2021,8/1/2021,41,6.9,SOLD,ABG
L1387,23573,7/7/2021,8/1/2021,47,6.45,SOLD,MB-1
L1388,23678,7/8/2021,8/1/2021,43,7.25,ACTV,NSPG
L1389,23371,7/8/2021,8/1/2021,35,5.9,SOLD,ONPG
L1390,23681,7/9/2021,8/1/2021,47,10.25,SOLD,ONPG
L1391,23684,7/12/2021,8/15/2021,59,5.75,ACTV,ONPG
L1392,23687,7/21/2021,8/15/2021,30,10.45,SOLD,ONPG
L1393,23690,7/21/2021,8/15/2021,35,10.99,SOLD,BC-1
L1394,23699,7/22/2021,8/15/2021,51,5.69,SOLD,NSPG
L1395,23372,7/22/2021,8/15/2021,65,6.25,ACTV,ONPG
L1396,23704,7/27/2021,8/15/2021,48,7.9,SOLD,ONPG
L1397,23693,7/29/2021,9/1/2021,47,6.75,SOLD,ONPG
L1398,23701,7/29/2021,8/15/2021,35,6.75,STCK,ABG
L1399,23702,8/4/2021,9/1/2021,47,10.99,SOLD,ONPG
L1400,23695,8/4/2021,9/1/2021,59,6.99,SOLD,PEPG
L1401,23371,8/9/2021,8/9/2021,24,6.9,SOLD,ONPG
L1402,23712,8/10/2021,9/1/2021,47,9.95,SOLD,ONPG
L1403,23642,8/10/2021,9/1/2021,35,6.9,SOLD,ONPG
L1404,23156,8/11/2021,9/1/2021,59,6.15,ACTV,ONPG
L1405,23663,8/12/2021,9/1/2021,35,6.45,SOLD,BC-1
L1406,23714,8/12/2021,8/15/2021,60,5.75,ACTV,ONPG
L1407,23721,8/19/2021,9/1/2021,59,5.75,ACTV,ONPG
L1408,23724,8/23/2021,9/15/2021,35,9.25,SOLD,ONPG
L1409,23719,8/24/2021,9/15/2021,41,7.25,SOLD,ONPG
L1410,23716,8/26/2021,9/15/2021,41,10.99,SOLD,SK-1
L1411,23467,8/27/2021,9/15/2021,35,9.25,SOLD,MB-1
L1412,23966,8/27/2021,10/1/2021,53,6.35,ACTV,ONPG
L1413,23733,8/30/2021,10/1/2021,44,7.99,ACTV,ONPG
L1414,23727,8/31/2021,10/1/2021,26,9.99,ACTV,ONPG
L1415,23743,9/7/2021,10/1/2021,35,8.5,SOLD,ONPG
L1416,23738,9/8/2021,10/1/2021,23,9.75,SOLD,ONPG
L1417,23719,9/9/2021,10/1/2021,23,10.9,SOLD,ONPG
L1418,23709,9/10/2021,10/1/2021,35,6.3,SOLD,ABG
L1419,23740,9/10/2021,10/1/2021,35,15.95,SOLD,ONPG
L1420,23729,9/10/2021,10/1/2021,35,8.75,SOLD,BC-1
L1421,23217,9/14/2021,10/15/2021,59,8.25,SOLD,ONPG
L1422,23905,9/14/2021,10/15/2021,23,12.9,SOLD,BC-1
L1423,23750,9/16/2021,10/15/2021,35,9.9,SOLD,ONPG
L1424,23754,9/22/2021,11/1/2021,36,6.99,SOLD,ABG
L1425,23759,9/23/2021,9/15/2021,17,15.95,SOLD,BCPG
L1426,23632,9/23/2021,10/15/2021,59,6.99,SOLD,ABG
L1427,23754,9/24/2021,11/1/2021,35,6.99,SOLD,ABG
L1428,23219,9/28/2021,11/1/2021,35,5.52,SOLD,ONPG
L1429,23761,9/28/2021,11/1/2021,47,5.99,SOLD,MB-1
L1430,23758,9/29/2021,11/1/2021,59,7.9,ACTV,ONPG
L1431,23366,9/29/2021,11/1/2021,60,6.25,ACTV,ABG
L1432,23380,9/29/2021,11/1/2021,29,8.25,SOLD,SK-1
L1433,23765,9/29/2021,11/1/2021,59,7.9,ACTV,ONPG
L1434,23446,9/30/2021,10/15/2021,33,9.9,SOLD,ONPG
L1435,23625,9/30/2021,11/1/2021,59,6.25,ACTV,ABG
L1436,23264,9/30/2021,11/1/2021,65,6.95,ACTV,ONPG
L1437,23768,10/4/2021,11/1/2021,35,8.5,SOLD,MB-1
L1438,23770,10/5/2021,11/15/2021,65,6.25,ACTV,ONPG
L1439,23771,10/6/2021,11/1/2021,41,8.55,SOLD,MB-1
L1440,23493,10/7/2021,10/1/2021,36,7,SOLD,ONPG
L1441,23768,10/7/2021,11/1/2021,35,8.5,SOLD,MB-1
L1442,23761,10/8/2021,11/1/2021,35,7.99,SOLD,MB-1
L1443,23747,10/8/2021,11/1/2021,47,8.25,ACTV,ABG
L1444,23335,10/12/2021,11/1/2021,47,7.75,SOLD,ONPG
L1445,23699,10/13/2021,11/15/2021,59,6.69,SOLD,NSPG
L1446,23773,10/18/2021,11/15/2021,41,6.25,SOLD,SK-1
L1447,23775,10/18/2021,11/15/2021,59,6.25,ACTV,ONPG
L1448,23779,10/19/2021,11/15/2021,35,6.25,SOLD,ONPG
L1449,23777,10/20/2021,11/15/2021,41,8.45,SOLD,ONPG
L1450,23780,10/21/2021,11/15/2021,47,8.25,SOLD,ONPG
L1451,23446,10/21/2021,10/15/2021,60,5.6,ACTV,ONPG
L1452,23765,10/26/2021,12/1/2021,59,6.25,ACTV,ONPG
L1453,23652,10/27/2021,12/1/2021,50,7.45,SOLD,ONPG
L1454,23796,10/28/2021,12/1/2021,59,5.7,ACTV,NSPG
L1455,23785,10/29/2021,12/1/2021,29,9,SOLD,ABG
L1456,23729,10/28/2021,12/1/2021,35,8.75,SOLD,BC-1
L1457,23371,10/29/2021,12/1/2021,47,5.49,SOLD,ONPG
L1458,23793,10/29/2021,12/1/2021,35,7.95,SOLD,ONPG
L1459,23782,10/29/2021,12/1/2021,29,6.75,SOLD,BC-1
L1460,23790,11/4/2021,11/15/2021,35,6.95,SOLD,ONPG
L1461,23800,11/4/2021,11/15/2021,23,7.9,SOLD,ONPG
L1462,23077,11/5/2021,12/1/2021,39,7.5,SOLD,ONPG
L1463,23210,11/5/2021,11/1/2021,60,5.75,ACTV,ONPG
L1464,23335,11/9/2021,12/1/2021,35,7.75,SOLD,ONPG
L1465,23788,11/9/2021,12/15/2021,47,7.25,SOLD,ONPG
L1466,23394,11/17/2021,12/1/2021,65,6,ACTV,ONPG
L1467,23431,11/19/2021,12/15/2021,35,8.2,SOLD,NSPG
L1468,23553,11/22/2021,12/15/2021,47,7.7,SOLD,ONPG
L1469,23803,11/23/2021,12/15/2021,41,9.5,SOLD,ONPG
L1470,23387,11/23/2021,12/15/2021,59,5.99,STCK,BC-1
L1471,23806,11/26/2021,1/1/2022,51,8.9,ACTV,ABG
L1472,23819,11/30/2021,1/1/2022,47,6.45,ACTV,MB-1
L1473,23813,11/30/2021,1/1/2022,23,10.9,SOLD,ONPG
L1474,23817,11/30/2021,1/1/2022,47,8.9,ACTV,ABG
L1475,23822,12/6/2021,1/1/2022,47,6.25,SOLD,ONPG
L1476,23825,12/7/2021,1/1/2022,59,8.9,SOLD,BC-1
L1477,23371,12/9/2021,12/1/2021,30,6.9,SOLD,ONPG
L1478,23442,12/16/2021,1/15/2022,59,6.25,SOLD,ONPG
L1479,23830,12/15/2021,12/15/2021,60,5.65,ACTV,ONPG
L1480,23210,12/15/2021,1/15/2022,47,6,ACTV,ONPG
L1481,23701,12/20/2021,1/15/2022,59,6,STCK,ONPG
L1482,23579,12/20/2021,12/15/2021,24,6.95,SOLD,ONPG
L1483,23780,12/21/2021,1/15/2022,47,8.25,ACTV,ONPG
L1484,23842,12/22/2021,1/15/2022,59,6.9,ACTV,ABG
L1485,23822,12/22/2021,1/15/2022,35,6.25,SOLD,ONPG
L1486,23842,12/22/2021,1/15/2022,59,6.9,ACTV,ONPG
L1487,23835,12/23/2021,1/15/2022,35,10.5,SOLD,BC-1
L1488,23840,12/23/2021,1/15/2022,35,7.25,SOLD,ONPG
L1489,23780,12/24/2021,1/15/2022,47,8.5,STCK,ONPG
L1490,23780,12/24/2021,1/15/2022,47,8.5,SOLD,ONPG
L1491,24720,12/29/2021,2/1/2022,53,8.5,ACTV,ONPG
L1492,23837,12/29/2021,2/1/2022,65,6,SOLD,BC-1
L1493,23119,12/31/2021,2/1/2022,59,10.9,ACTV,ONPG
L1494,23850,1/4/2022,2/1/2022,59,6.03,ACTV,ONPG
L1495,23851,1/6/2022,2/1/2022,47,6.9,ACTV,ONPG
L1496,23377,1/13/2022,2/15/2022,65,6.25,SOLD,ABG
L1497,23377,1/13/2022,2/15/2022,65,6.25,SOLD,ABG
L1498,23845,1/14/2022,2/15/2022,47,6.5,STCK,ABG
L1499,23210,1/17/2022,2/15/2022,47,6.15,ACTV,ONPG
L1500,23853,1/17/2022,2/15/2022,48,8.2,ACTV,ABG
L1501,23860,1/17/2022,2/15/2022,59,10.9,ACTV,MB-1
L1502,23856,1/18/2022,2/15/2022,35,12,SOLD,ABG
L1503,23529,1/19/2022,2/15/2022,47,8.2,SOLD,NSPG
L1504,23864,1/25/2022,2/15/2022,54,8.2,SOLD,ABG
L1505,23449,1/25/2022,2/15/2022,50,6.5,SOLD,BC-1
L1506,23858,1/25/2022,2/15/2022,59,10.9,ACTV,NSPG
L1507,23873,1/27/2022,3/1/2022,41,10.9,SOLD,ABG
L1508,23869,1/27/2022,3/1/2022,29,7.9,SOLD,NSPG
L1509,23568,1/28/2022,3/1/2022,47,6.25,SOLD,ONPG
L1510,23840,1/31/2022,3/1/2022,29,7.25,SOLD,ONPG
L1511,24576,1/31/2022,3/1/2022,47,7.49,ACTV,BC-1
L1512,23079,2/1/2022,3/1/2022,41,8.5,SOLD,ONPG
L1513,23827,2/2/2022,3/1/2022,47,7.5,SOLD,ONPG
L1514,24415,2/2/2022,3/1/2022,47,10.9,ACTV,SK-1
L1515,24675,2/4/2022,2/1/2022,61,6,SOLD,MBPG
L1516,23879,2/4/2022,3/1/2022,65,7.2,SOLD,ABG
L1517,23883,2/7/2022,3/1/2022,35,10.9,SOLD,ONPG
L1518,23887,2/8/2022,2/1/2022,60,6.25,ACTV,ONPG
L1519,23119,2/8/2022,3/1/2022,53,10.99,ACTV,ONPG
L1520,23119,2/8/2022,3/1/2022,53,10.99,SOLD,ONPG
L1521,23891,2/8/2022,3/1/2022,47,5.99,ACTV,ONPG
L1522,23870,2/8/2022,3/1/2022,30,7.9,SOLD,ABG
L1523,23482,2/9/2022,3/1/2022,35,7.75,SOLD,BCPG
L1524,23758,2/10/2022,3/1/2022,65,6.4,ACTV,ONPG
L1525,23890,2/10/2022,3/1/2022,29,8.2,SOLD,ONPG
L1526,23894,2/11/2022,3/1/2022,59,6.45,ACTV,MBPG
L1527,23887,2/15/2022,2/15/2022,60,6.25,ACTV,ONPG
L1528,23348,2/15/2022,2/1/2022,36,6.9,SOLD,ONPG
L1529,23898,2/17/2022,3/15/2022,35,9.5,SOLD,BC-1
L1530,23885,2/18/2022,3/15/2022,60,7.2,SOLD,ABG
L1531,23901,2/18/2022,3/15/2022,47,6.9,ACTV,ONPG
L1532,23650,2/22/2022,3/15/2022,47,7.7,ACTV,BC-1
L1533,23002,2/24/2022,3/15/2022,47,9.9,ACTV,ONPG
L1534,23907,2/28/2022,3/15/2022,35,6.9,SOLD,MB-1
L1535,23899,2/23/2022,3/15/2022,59,6.75,SOLD,ABG
L1536,23082,2/24/2022,3/15/2022,35,7.6,SOLD,MB-1
L1537,23896,2/25/2022,3/15/2022,59,6.25,ACTV,ONPG
L1538,23917,2/28/2022,4/1/2022,35,10.5,ACTV,ONPG
L1539,24638,2/28/2022,4/1/2022,60,6.75,ACTV,MB-1
L1540,23976,2/28/2022,4/1/2022,35,7.9,SOLD,ONPG
L1541,23088,3/1/2022,4/1/2022,32,6.25,SOLD,NSPG
L1542,23089,3/1/2022,4/1/2022,36,7.9,SOLD,ONPG
L1543,23869,3/3/2022,4/1/2022,29,8,SOLD,NSPG
L1544,23084,3/4/2022,4/1/2022,53,7.9,ACTV,BC-1
L1545,23084,3/4/2022,4/1/2022,53,7.9,ACTV,BC-1
L1546,23915,3/4/2022,4/1/2022,24,6.75,SOLD,MB-1
L1547,23321,3/8/2022,4/1/2022,35,7.75,SOLD,ABG
L1548,23093,3/8/2022,4/15/2022,30,7.2,SOLD,ONPG
L1549,23110,3/9/2022,4/7/2022,48,7.25,SOLD,ABG
L1550,23091,3/10/2022,4/1/2022,30,12.9,SOLD,MB-1
L1551,24482,3/11/2022,4/7/2022,59,8.2,ACTV,ONPG
L1552,23507,3/16/2022,4/7/2022,24,8.2,SOLD,ABG
L1553,23903,3/16/2022,4/7/2022,35,7.5,CANC,BC-1
L1554,23652,3/16/2022,4/7/2022,30,8.75,SOLD,ONPG
L1555,23924,3/17/2022,4/15/2022,30,8.9,SOLD,ONPG
L1556,23754,3/18/2022,4/15/2022,35,6.99,SOLD,ABG
L1557,23754,3/18/2022,4/15/2022,53,6.99,SOLD,ABG
L1558,23911,3/18/2022,4/15/2022,53,7.9,SOLD,ABG
L1559,23808,3/18/2022,4/15/2022,47,6.5,ACTV,BC-1
L1560,23921,3/21/2022,4/7/2022,59,6.35,ACTV,BC-1
L1561,23921,3/21/2022,4/7/2022,59,6.35,ACTV,BC-1
L1562,23088,3/23/2022,4/15/2022,36,6.25,SOLD,NSPG
L1563,23632,3/23/2022,4/7/2022,47,7.25,STCK,ABG
L1564,23775,3/25/2022,4/15/2022,35,6.75,SOLD,ONPG
L1565,23808,3/28/2022,4/15/2022,47,6.5,SOLD,BC-1
L1566,23366,3/29/2022,4/15/2022,60,6.25,ACTV,ABG
L1567,23264,3/30/2022,5/1/2022,65,6.95,ACTV,ONPG
L1568,24846,3/30/2022,5/1/2022,66,7.25,ACTV,ABG
L1569,23936,3/29/2022,5/1/2022,29,8.1,SOLD,ONPG
L1570,23210,3/31/2022,5/1/2022,47,6.4,ACTV,ONPG
L1571,23672,3/31/2022,4/15/2022,35,8.9,SOLD,ABG
L1572,24169,3/31/2022,5/1/2022,29,8.2,SOLD,BC-1
L1573,25390,4/1/2022,5/1/2022,52,6.9,ACTV,ONPG
L1574,23941,4/5/2022,5/1/2022,65,7.11,ACTV,MB-1
L1575,23948,4/5/2022,5/1/2022,30,8.95,SOLD,ONPG
L1576,23943,4/5/2022,5/1/2022,23,10.9,SOLD,MB-1
L1577,23952,4/7/2022,5/7/2022,47,6.9,SOLD,BC-1
L1578,23950,4/7/2022,5/7/2022,23,13.99,SOLD,ONPG
L1579,24353,4/7/2022,5/1/2022,36,8.2,SOLD,MB-1
L1580,23625,4/7/2022,5/1/2022,59,6.55,ACTV,ABG
L1581,23945,4/13/2022,4/1/2022,60,6.95,ACTV,ONPG
L1582,23954,4/21/2022,5/7/2022,41,8.5,SOLD,BCPG
L1583,23927,4/25/2022,5/7/2022,35,7.9,SOLD,ABG
L1584,23927,4/25/2022,5/7/2022,35,7.9,SOLD,ABG
L1585,23958,4/25/2022,5/7/2022,45,6.9,SOLD,ONPG
L1586,23962,4/27/2022,5/15/2022,47,7.49,STCK,ONPG
L1587,23654,4/29/2022,6/1/2022,59,7.1,ACTV,ONPG
L1588,23348,5/2/2022,6/1/2022,35,8.31,SOLD,ONPG
L1589,23971,5/3/2022,6/1/2022,48,7.25,ACTV,ONPG
L1590,23968,5/3/2022,6/7/2022,33,9.9,SOLD,ONPG
L1591,23210,4/29/2022,6/1/2022,65,6.97,SOLD,ONPG
L1592,23973,5/4/2022,6/7/2022,24,11.9,SOLD,ABG
L1593,23064,4/29/2022,6/1/2022,53,8.8,ACTV,ONPG
L1594,23714,5/6/2022,6/7/2022,53,6.9,SOLD,ONPG
L1595,23454,5/10/2022,6/7/2022,47,7.25,ACTV,MB-1
L1596,23369,5/10/2022,6/7/2022,35,7.9,SOLD,ONPG
L1597,23981,5/10/2022,6/7/2022,35,7.5,SOLD,ONPG
L1598,23387,5/10/2022,6/1/2022,53,6.5,ACTV,BC-1
L1599,23903,5/12/2022,6/7/2022,35,7.5,SOLD,BCPG
L1600,23454,5/13/2022,6/7/2022,47,7.25,ACTV,MB-1
L1601,23901,5/13/2022,6/7/2022,48,7.1,ACTV,ONPG
L1602,23887,5/13/2022,6/7/2022,59,6.9,ACTV,ONPG
L1603,23456,5/17/2022,6/15/2022,35,8.9,SOLD,MB-1
L1604,23991,5/13/2022,6/7/2022,48,8.9,ACTV,ONPG
L1605,23996,5/17/2022,6/15/2022,24,9,SOLD,ONPG
L1606,24000,5/18/2022,6/15/2022,60,6.9,SOLD,ONPG
L1607,23110,5/18/2022,6/15/2022,29,9.9,SOLD,ABG
L1608,23543,5/18/2022,6/15/2022,53,7.75,SOLD,ONPG
L1609,23988,5/18/2022,6/15/2022,36,8.5,SOLD,ABG
L1610,23992,5/18/2022,6/7/2022,47,9.5,ACTV,BC-1
L1611,23976,5/18/2022,6/15/2022,36,8.9,SOLD,ONPG
L1612,23449,5/19/2022,6/15/2022,29,8.9,SOLD,BC-1
L1613,23984,5/19/2022,6/7/2022,53,9.9,ACTV,ONPG
L1614,23986,5/19/2022,6/15/2022,47,9,ACTV,BC-1
L1615,23994,5/20/2022,6/15/2022,29,8.9,SOLD,ONPG
L1616,24007,5/20/2022,5/15/2022,66,7.25,ACTV,ONPG
L1617,23970,5/20/2022,6/15/2022,29,7.7,SOLD,BC-1
L1618,23531,5/20/2022,6/15/2022,41,8.2,SOLD,ABG
L1619,24009,5/25/2022,6/15/2022,53,7.25,SOLD,MB-1
L1620,23842,5/25/2022,6/15/2022,35,6.9,ACTV,ONPG
L1621,23982,5/26/2022,7/1/2022,41,7.9,SOLD,MB-1
L1622,24010,5/31/2022,7/1/2022,48,9.9,ACTV,MB-1
L1623,24003,5/27/2022,6/15/2022,59,7.5,ACTV,SKPG
L1624,24015,5/27/2022,7/1/2022,29,9.9,SOLD,ONPG
L1625,24017,5/30/2022,7/1/2022,48,9.25,ACTV,BC-1
L1626,24020,5/30/2022,7/1/2022,59,7.25,SOLD,ONPG
L1627,23507,5/31/2022,6/1/2022,60,7.25,SOLD,ABG
L1628,24022,5/31/2022,7/1/2022,59,7.25,ACTV,ABG
L1629,24203,5/31/2022,7/1/2022,60,7.25,ACTV,ABG
L1630,24024,6/2/2022,6/1/2022,18,7.5,SOLD,ONPG
L1631,24028,6/3/2022,7/1/2022,62,7.25,ACTV,ONPG
L1632,23581,6/3/2022,7/1/2022,32,7.6,SOLD,NBPG
L1633,24030,6/6/2022,7/1/2022,48,7.25,SOLD,ONPG
L1634,24026,6/6/2022,7/1/2022,35,7.9,SOLD,ONPG
L1635,24000,6/7/2022,7/1/2022,71,6.9,SOLD,ONPG
L1636,23948,6/7/2022,7/1/2022,53,8.45,SOLD,ONPG
L1637,24033,6/8/2022,7/1/2022,65,7.89,SOLD,ONPG
L1638,23976,6/8/2022,7/7/2022,36,8.9,SOLD,ONPG
L1639,24032,6/8/2022,7/1/2022,35,7.25,CANC,MB-1
L1640,23796,6/9/2022,7/1/2022,71,7.25,ACTV,ONPG
L1641,24053,6/10/2022,7/1/2022,59,7.5,ACTV,SKPG
L1642,24047,6/10/2022,7/7/2022,35,8.75,SOLD,ONPG
L1643,23088,6/10/2022,7/7/2022,36,7,SOLD,NSPG
L1644,24045,6/10/2022,7/7/2022,36,7.25,SOLD,ABG
L1645,23808,6/10/2022,7/7/2022,59,7.9,ACTV,BC-1
L1646,23903,6/13/2022,7/7/2022,23,7.9,SOLD,BC-1
L1647,24009,6/13/2022,7/7/2022,41,7.25,SOLD,MB-1
L1648,24036,6/15/2022,7/15/2022,41,8.25,ACTV,MB-1
L1649,24056,6/16/2022,7/7/2022,65,7.15,SOLD,BC-1
L1650,23091,6/15/2022,7/7/2022,60,8,ACTV,MB-1
L1651,24054,6/15/2022,7/7/2022,35,7.5,SOLD,ONPG
L1652,24059,6/15/2022,7/15/2022,35,10.9,SOLD,BC-1
L1653,24056,6/15/2022,7/7/2022,65,7.15,SOLD,BC-1
L1654,23632,6/16/2022,7/15/2022,65,8.25,SOLD,ABG
L1655,24061,6/17/2022,7/15/2022,36,7.85,SOLD,MB-1
L1656,24041,6/17/2022,7/15/2022,36,7.25,SOLD,SK-1
L1657,24065,6/21/2022,7/15/2022,41,9.85,STCK,ONPG
L1658,24072,6/21/2022,7/15/2022,17,14.99,SOLD,ONPG
L1659,24070,6/24/2022,7/15/2022,59,8.65,ACTV,BC-1
L1660,23625,6/22/2022,7/15/2022,59,7.25,ACTV,ABG
L1661,24063,6/23/2022,7/15/2022,59,7.35,SOLD,ONPG
L1662,24051,6/24/2022,7/15/2022,59,7.7,ACTV,MB-1
L1663,24067,6/24/2022,7/15/2022,59,8.7,SOLD,ABG
L1664,23657,6/24/2022,7/15/2022,41,9.9,SOLD,ONPG
L1665,24080,6/24/2022,7/7/2022,35,8.7,SOLD,ONPG
L1666,23981,6/24/2022,7/7/2022,41,7.5,ACTV,ONPG
L1667,23976,6/27/2022,8/1/2022,65,7.25,ACTV,ONPG
L1668,24057,6/28/2022,7/15/2022,24,10.99,SOLD,NBPG
L1669,23976,6/28/2022,8/1/2022,36,8.9,SOLD,ONPG
L1670,24082,6/28/2022,8/1/2022,71,8.7,SOLD,ONPG
L1671,24084,6/28/2022,8/15/2022,60,7.35,ACTV,NSPG
L1672,24007,6/29/2022,8/1/2022,65,7.35,ACTV,ABG
L1673,24073,6/30/2022,8/1/2022,53,7.45,SOLD,ONPG
L1674,24087,6/30/2022,8/1/2022,65,7.95,SOLD,MB-1
L1675,24044,7/5/2022,8/1/2022,35,7.5,SOLD,MBPG
L1676,24095,7/6/2022,8/7/2022,11,9.75,SOLD,ABG
L1677,24093,7/7/2022,8/1/2022,47,8.99,ACTV,ABG
L1678,24099,7/7/2022,8/7/2022,41,9.25,ACTV,ONPG
L1679,24097,7/8/2022,8/7/2022,29,11.5,SOLD,ONPG
L1680,23790,7/8/2022,8/7/2022,59,10.5,ACTV,ONPG
L1681,23371,7/11/2022,8/1/2022,47,7.25,ACTV,ONPG
L1682,24086,7/11/2022,8/15/2022,65,7.45,SOLD,ONPG
L1683,24113,7/12/2022,8/15/2022,35,9.9,SOLD,BCPG
L1684,24106,7/14/2022,8/7/2022,29,9.9,SOLD,MB-1
L1685,24108,7/14/2022,8/15/2022,54,8.25,ACTV,ONPG
L1686,24000,7/19/2022,8/15/2022,35,8.99,SOLD,ONPG
L1687,24000,7/19/2022,8/15/2022,36,8.99,SOLD,ONPG
L1688,24111,7/20/2022,8/15/2022,47,7.55,SOLD,MB-1
L1689,24111,7/20/2022,8/15/2022,47,7.55,SOLD,MB-1
L1690,24103,7/21/2022,8/15/2022,35,10.9,SOLD,MB-1
L1691,24120,7/22/2022,8/15/2022,41,7.9,ACTV,ONPG
L1692,24119,7/22/2022,8/1/2022,47,12.9,ACTV,ONPG
L1693,24123,7/22/2022,8/15/2022,42,10.25,ACTV,SKPG
L1694,24252,7/22/2022,8/15/2022,35,8.45,SOLD,ONPG
L1695,24115,7/22/2022,8/15/2022,60,8.9,ACTV,ABG
L1696,24054,7/27/2022,8/15/2022,53,7.55,SOLD,ONPG
L1697,24114,7/28/2022,9/1/2022,35,8.45,SOLD,ABG
L1698,24137,7/28/2022,9/1/2022,14,14.5,SOLD,ONPG
L1699,24117,7/28/2022,8/15/2022,47,9.95,ACTV,ABG
L1700,24101,7/28/2022,9/1/2022,23,8.15,SOLD,MB-1
L1701,24130,7/28/2022,8/15/2022,35,9.95,SOLD,SK-1
L1702,24133,7/29/2022,9/1/2022,36,8.75,SOLD,ONPG
L1703,24148,8/4/2022,9/1/2022,71,7.75,SOLD,ONPG
L1704,23064,8/5/2022,9/15/2022,47,9,ACTV,ONPG
L1705,24150,8/5/2022,8/7/2022,36,8.5,SOLD,ABG
L1706,24084,8/5/2022,9/7/2022,60,7.5,ACTV,NSPG
L1707,24155,8/5/2022,9/1/2022,35,9,SOLD,ONPG
L1708,24022,8/8/2022,9/1/2022,59,7.65,ACTV,ABG
L1709,24154,8/11/2022,9/7/2022,35,8.5,SOLD,MB-1
L1710,24146,8/9/2022,9/1/2022,59,8.9,SOLD,ONPG
L1711,24144,8/9/2022,9/1/2022,59,7.95,SOLD,BC-1
L1712,23185,8/10/2022,8/10/2022,36,8.75,SOLD,ONPG
L1713,23093,8/12/2022,9/15/2022,30,9.5,SOLD,ONPG
L1714,24152,8/11/2022,9/1/2022,53,7.95,ACTV,ABG
L1715,24139,8/12/2022,9/7/2022,35,10.9,SOLD,ONPG
L1716,23883,8/17/2022,9/7/2022,35,11,SOLD,ONPG
L1717,23891,8/17/2022,9/7/2022,41,9.5,SOLD,ONPG
L1718,24323,8/19/2022,9/15/2022,47,10.05,SOLD,ONPG
L1719,23446,8/22/2022,9/15/2022,59,7.5,ACTV,ONPG
L1720,24323,8/23/2022,9/15/2022,47,10.05,SOLD,ONPG
L1721,25205,8/23/2022,9/15/2022,41,10.15,SOLD,ONPG
L1722,23830,8/23/2022,9/15/2022,47,8.55,ACTV,ONPG
L1723,24166,8/23/2022,9/15/2022,35,10.25,SOLD,MB-1
L1724,24179,8/24/2022,9/15/2022,66,7.5,ACTV,MB-1
L1725,24175,8/24/2022,9/15/2022,35,9.5,ACTV,BC-1
L1726,23449,8/26/2022,9/15/2022,39,9.95,STCK,BC-1
L1727,24185,8/26/2022,9/15/2022,65,9.99,SOLD,BC-1
L1728,23469,8/26/2022,9/15/2022,59,8.5,SOLD,BC-1
L1729,24164,8/29/2022,10/1/2022,24,11.45,SOLD,ONPG
L1730,24192,8/29/2022,10/1/2022,60,8.95,SOLD,ONPG
L1731,24196,8/31/2022,10/1/2022,48,9.95,ACTV,MB-1
L1732,24173,9/2/2022,10/1/2022,47,8.75,ACTV,ABG
L1733,24194,9/6/2022,10/1/2022,47,8.65,ACTV,ONPG
L1734,24194,9/6/2022,10/1/2022,47,8.65,ACTV,ONPG
L1735,24182,9/8/2022,10/1/2022,35,13.5,SOLD,BC-1
L1736,23754,9/8/2022,10/7/2022,27,7.95,SOLD,ABG
L1737,23936,9/8/2022,10/1/2022,48,8.5,ACTV,ONPG
L1738,24200,9/9/2022,10/1/2022,29,10.25,SOLD,BCPG
L1739,24205,9/9/2022,10/1/2022,59,8.95,ACTV,SKPG
L1740,24199,9/12/2022,10/1/2022,47,9.95,ACTV,ONPG
L1741,24196,9/13/2022,10/15/2022,65,9.95,ACTV,MB-1
L1742,23449,9/13/2022,10/15/2022,38,9.95,STCK,BC-1
L1743,24210,9/13/2022,9/15/2022,24,8.75,SOLD,BC-1
L1744,24203,9/13/2022,10/15/2022,35,9.5,SOLD,ABG
L1745,24753,9/15/2022,10/15/2022,35,9.95,ACTV,BC-1
L1746,24219,9/15/2022,10/15/2022,35,9.95,SOLD,ABG
L1747,24208,9/16/2022,10/15/2022,53,9.45,SOLD,MB-1
L1748,23363,9/16/2022,10/15/2022,48,8.5,ACTV,ABG
L1749,24224,9/19/2022,10/15/2022,47,8.05,ACTV,ONPG
L1750,24166,9/19/2022,10/15/2022,35,10.25,SOLD,MB-1
L1751,23936,9/20/2022,10/15/2022,59,8.5,ACTV,ONPG
L1752,23006,9/20/2022,10/15/2022,59,8.5,SOLD,ONPG
L1753,24067,9/20/2022,10/15/2022,47,8.8,SOLD,ABG
L1754,24216,9/22/2022,10/15/2022,41,9.15,SOLD,BC-1
L1755,24221,9/22/2022,10/15/2022,35,9.75,SOLD,ONPG
L1756,23770,9/23/2022,10/15/2022,47,8.6,ACTV,ONPG
L1757,23482,9/23/2022,10/15/2022,23,11.5,SOLD,BCPG
L1758,24228,9/23/2022,10/15/2022,35,9.75,SOLD,BC-1
L1759,24235,9/26/2022,10/15/2022,29,9,ACTV,ONPG
L1760,24482,9/26/2022,9/15/2022,60,8.7,ACTV,ONPG
L1761,24084,9/26/2022,10/15/2022,60,8.6,ACTV,NSPG
L1762,24250,9/27/2022,11/1/2022,23,11.95,SOLD,BC-1
L1763,24258,9/29/2022,11/1/2022,35,10.25,SOLD,ONPG
L1764,23264,9/29/2022,10/1/2022,37,8.9,SOLD,ONPG
L1765,24255,9/29/2022,11/1/2022,59,8.65,ACTV,ABG
L1766,24244,9/29/2022,11/1/2022,35,8.8,SOLD,SK-1
L1767,23002,9/30/2022,10/1/2022,48,9.75,ACTV,ONPG
L1768,24240,9/30/2022,11/1/2022,48,8.95,ACTV,ONPG
L1769,23885,9/30/2022,11/1/2022,48,9.95,SOLD,SK-1
L1770,24263,10/3/2022,11/1/2022,35,11.95,SOLD,ABG
L1771,24253,10/3/2022,11/1/2022,48,9.9,ACTV,NSPG
L1772,24267,10/4/2022,11/7/2022,59,8.55,SOLD,ONPG
L1773,24261,10/4/2022,11/1/2022,47,9.45,ACTV,ABG
L1774,23733,10/4/2022,11/1/2022,51,8.75,ACTV,ONPG
L1775,24000,10/4/2022,11/1/2022,36,8.7,SOLD,ONPG
L1776,23210,10/5/2022,11/1/2022,48,8.7,ACTV,ONPG
L1777,23371,10/5/2022,11/1/2022,35,8.7,SOLD,ONPG
L1778,24227,10/5/2022,11/7/2022,47,8.9,ACTV,BC-1
L1779,23451,10/5/2022,11/7/2022,59,8.6,ACTV,MB-1
L1780,24233,10/5/2022,11/1/2022,29,11.95,SOLD,BCPG
L1781,24280,10/6/2022,11/7/2022,59,8.75,ACTV,ABG
L1782,23482,10/6/2022,11/7/2022,23,11.5,SOLD,BCPG
L1783,24265,10/6/2022,11/15/2022,47,9.99,ACTV,BC-1
L1784,23431,10/6/2022,11/7/2022,48,9.75,SOLD,ONPG
L1785,23006,10/7/2022,11/7/2022,59,8.5,SOLD,ONPG
L1786,24242,10/7/2022,11/7/2022,47,9.3,ACTV,ONPG
L1787,24276,10/11/2022,11/7/2022,48,9.15,ACTV,BC-1
L1788,24192,10/12/2022,11/7/2022,42,8.95,SOLD,ONPG
L1789,24271,10/12/2022,11/1/2022,48,9.25,SOLD,MB-1
L1790,24277,10/14/2022,11/7/2022,47,8.7,ACTV,NSPG
L1791,24247,10/13/2022,11/7/2022,41,7.9,ACTV,MB-1
L1792,24295,10/13/2022,11/7/2022,36,9.99,ACTV,ABG
L1793,23088,10/13/2022,11/7/2022,36,8.75,SOLD,NSPG
L1794,24291,10/13/2022,11/7/2022,35,10.9,SOLD,ONPG
L1795,24283,10/14/2022,11/15/2022,72,8.75,ACTV,ABG
L1796,24574,10/14/2022,11/7/2022,36,9.15,SOLD,MB-1
L1797,25318,10/14/2022,11/15/2022,41,11.95,ACTV,ONPG
L1798,24287,10/17/2022,11/15/2022,59,9.25,ACTV,BCPG
L1799,24294,10/17/2022,11/15/2022,36,12.45,SOLD,ABG
L1800,24024,10/17/2022,11/15/2022,17,10,SOLD,ONPG
L1801,24299,10/17/2022,11/15/2022,35,12.95,SOLD,ONPG
L1802,23948,10/18/2022,11/15/2022,35,8.95,SOLD,ONPG
L1803,24305,10/19/2022,11/15/2022,35,11.95,SOLD,ONPG
L1804,25467,10/19/2022,11/15/2022,41,8.7,ACTV,ONPG
L1805,24235,10/19/2022,11/15/2022,35,9,ACTV,ONPG
L1806,24303,10/19/2022,11/15/2022,36,9.75,SOLD,MBPG
L1807,23652,10/20/2022,11/15/2022,45,8.95,SOLD,ONPG
L1808,24314,10/21/2022,11/15/2022,35,10,ACTV,ONPG
L1809,25310,10/24/2022,11/15/2022,47,8.9,ACTV,ONPG
L1810,24281,10/24/2022,11/15/2022,47,8.5,SOLD,MBPG
L1811,24219,10/25/2022,11/15/2022,41,10.5,SOLD,ABG
L1812,24320,10/26/2022,11/15/2022,35,9.5,ACTV,BCPG
L1813,23064,10/27/2022,11/15/2022,59,9.25,ACTV,ONPG
L1814,23064,10/27/2022,11/15/2022,59,9.25,ACTV,ONPG
L1815,24318,10/27/2022,12/1/2022,29,9.25,SOLD,BC-1
L1816,24213,10/31/2022,12/1/2022,59,10.45,SOLD,ABG
L1817,24326,10/31/2022,12/1/2022,59,8.36,ACTV,BCPG
L1818,24311,10/31/2022,12/1/2022,48,9.95,ACTV,ABG
L1819,23650,10/31/2022,12/1/2022,29,10.95,ACTV,BC-1
L1820,24071,11/2/2022,12/1/2022,23,8.9,SOLD,ONPG
L1821,24255,11/3/2022,12/1/2022,59,9.35,ACTV,ABG
L1822,24240,11/3/2022,12/1/2022,59,8.95,ACTV,ONPG
L1823,24316,11/4/2022,12/1/2022,36,10.9,ACTV,ONPG
L1824,24000,11/4/2022,12/1/2022,29,10.25,SOLD,ONPG
L1825,24273,11/4/2022,12/1/2022,36,9.95,SOLD,MB-1
L1826,24329,11/9/2022,12/1/2022,35,10,SOLD,BCPG
L1827,24240,11/9/2022,12/1/2022,71,9.2,ACTV,ONPG
L1828,23371,11/9/2022,12/1/2022,47,9.5,ACTV,ONPG
L1829,24334,11/10/2022,12/1/2022,65,9,ACTV,ONPG
L1830,24332,11/10/2022,12/7/2022,59,9.99,ACTV,ONPG
L1831,24335,11/11/2022,12/7/2022,59,9.4,ACTV,BC-1
L1832,24335,11/11/2022,12/7/2022,59,9.4,ACTV,BC-1
L1833,24323,11/11/2022,12/7/2022,59,9.99,ACTV,ONPG
L1834,24235,11/14/2022,12/15/2022,41,9,ACTV,ONPG
L1835,23842,11/14/2022,12/1/2022,65,9.25,ACTV,ONPG
L1836,23842,11/14/2022,12/1/2022,65,9.25,ACTV,ONPG
L1837,24323,11/15/2022,12/7/2022,59,9.99,ACTV,ONPG
L1838,24337,11/17/2022,12/15/2022,36,8.95,SOLD,ONPG
L1839,24240,11/18/2022,12/15/2022,47,10,ACTV,ONPG
L1840,24240,11/18/2022,12/15/2022,35,10.15,ACTV,ONPG
L1841,24314,11/18/2022,12/15/2022,47,10.5,ACTV,ONPG
L1842,24144,11/21/2022,12/15/2022,36,9.75,SOLD,BC-1
L1843,24327,11/21/2022,12/15/2022,59,9.95,SOLD,ONPG
L1844,24345,11/21/2022,12/15/2022,48,10.5,SOLD,SK-1
L1845,24000,11/21/2022,12/15/2022,48,9.75,SOLD,ONPG
L1846,25260,11/22/2022,12/15/2022,59,9.5,ACTV,BC-1
L1847,24340,11/22/2022,12/15/2022,41,10.5,SOLD,BCPG
L1848,24338,11/23/2022,1/1/2023,47,9.45,ACTV,MB-1
L1849,24347,11/23/2022,12/15/2022,65,10,SOLD,NSPG
L1850,24351,11/25/2022,12/15/2022,47,10,SOLD,ONPG
L1851,24357,11/28/2022,1/1/2023,35,9.95,ACTV,ONPG
L1852,23559,11/28/2022,1/1/2023,47,9.95,ACTV,ONPG
L1853,24320,11/29/2022,1/1/2023,47,9.85,ACTV,BCPG
L1854,24320,11/29/2022,1/1/2023,51,9.85,ACTV,BCPG
L1855,23292,11/30/2022,1/1/2023,33,9.99,SOLD,MB-1
L1856,24340,12/5/2022,1/1/2023,35,10.5,ACTV,BCPG
L1857,24358,12/2/2022,1/1/2023,35,12.95,ACTV,BC-1
L1858,23387,12/6/2022,1/1/2023,59,9.5,ACTV,BC-1
L1859,24255,12/6/2022,1/1/2023,59,9.75,ACTV,ABG
L1860,23418,12/6/2022,1/1/2023,35,9.5,ACTV,ONPG
L1861,24360,12/7/2022,1/1/2023,59,9.1,ACTV,ONPG
L1862,24364,12/7/2022,1/1/2023,35,11.5,ACTV,ABG
L1863,24366,12/8/2022,1/7/2023,65,9.75,SOLD,ONPG
L1864,23885,12/8/2022,1/1/2023,30,11.25,SOLD,SKPG
L1865,25056,12/9/2022,1/7/2023,47,9.95,ACTV,BC-1
L1866,24371,12/9/2022,1/7/2023,41,11.5,ACTV,BCPG
L1867,24361,12/12/2022,1/7/2023,47,10.9,SOLD,ONPG
L1868,24374,12/12/2022,1/15/2023,35,12.95,SOLD,BC-1
L1869,24379,12/13/2022,1/15/2023,30,11.95,SOLD,ONPG
L1870,24376,12/13/2022,1/15/2023,65,9.5,ACTV,BC-1
L1871,24368,12/15/2022,1/15/2023,60,10.15,ACTV,MB-1
L1872,24386,12/19/2022,1/15/2023,65,9.3,ACTV,ONPG
L1873,24381,12/20/2022,1/15/2023,38,10.75,ACTV,ONPG
L1874,25216,12/29/2022,2/1/2023,30,12.95,SOLD,BC-1
L1875,24185,12/23/2022,1/15/2023,47,10.9,STCK,BC-1
L1876,23387,12/28/2022,2/1/2023,53,9.75,SOLD,BC-1
L1877,23609,12/29/2022,2/1/2023,41,10.18,ACTV,BC-1
L1878,24255,12/29/2022,2/1/2023,59,9.75,ACTV,ABG
L1879,24388,12/20/2022,1/15/2023,60,9.5,ACTV,ONPG
L1880,24251,12/30/2022,2/1/2023,59,10.7,SOLD,ONPG
L1881,24047,1/3/2023,2/1/2023,59,9,ACTV,ABG
L1882,23701,1/3/2023,1/1/2023,48,9.6,ACTV,ONPG
L1883,25319,1/4/2023,1/1/2023,48,12.45,ACTV,ONPG
L1884,24384,1/5/2023,2/7/2023,36,10,ACTV,ONPG
L1886,24397,1/9/2023,2/7/2023,48,9.5,ACTV,ABG
L1887,24401,1/10/2023,2/7/2023,47,11.5,ACTV,BC-1
L1888,24307,1/11/2023,2/7/2023,47,9.5,SOLD,ONPG
L1889,24395,1/12/2023,2/7/2023,23,12,SOLD,BC-1
L1890,23754,1/12/2023,2/7/2023,37,9.5,SOLD,ABG
L1891,23825,1/13/2023,2/15/2023,48,9.95,SOLD,BC-1
L1892,23825,1/13/2023,2/15/2023,48,9.95,SOLD,BC-1
L1893,24405,1/16/2023,2/15/2023,35,10,SOLD,BCPG
L1894,23089,1/16/2023,2/15/2023,30,11.25,SOLD,ONPG
L1895,24410,1/16/2023,2/15/2023,35,10.25,ACTV,BCPG
L1896,24406,1/17/2023,2/15/2023,41,10.75,SOLD,BC-1
L1897,24400,1/18/2023,2/15/2023,35,10.15,ACTV,ONPG
L1898,24412,1/18/2023,2/15/2023,59,10,ACTV,ONPG
L1899,24086,1/19/2023,3/1/2023,59,10.5,SOLD,ONPG
L1900,24413,1/19/2023,2/15/2023,47,9.99,SOLD,ONPG
L1901,24420,1/20/2023,2/15/2023,48,11,SOLD,BC-1
L1902,24416,2/15/2023,2/15/2023,47,9.95,ACTV,BC-1
L1903,24240,1/24/2023,2/15/2023,47,9.6,ACTV,ONPG
L1904,23540,1/26/2023,3/1/2023,35,10.5,ACTV,ONPG
L1905,24423,1/26/2023,3/1/2023,41,11,SOLD,ABG
L1906,24295,1/27/2023,3/1/2023,47,10.5,ACTV,ABG
L1908,24426,1/31/2023,3/1/2023,35,13.95,ACTV,ONPG
L1909,24255,2/2/2023,3/1/2023,59,9.7,ACTV,ABG
L1910,24430,2/2/2023,3/1/2023,29,11.5,SOLD,ONPG
L1913,24093,2/7/2023,3/1/2023,35,11,ACTV,ABG
L1914,24391,2/7/2023,3/7/2023,47,10.5,STCK,ABG
L1915,24434,2/10/2023,3/7/2023,36,12.5,SOLD,ONPG
L1916,24436,2/13/2023,3/15/2023,36,11.95,ACTV,ONPG
L1917,23733,2/14/2023,3/15/2023,49,9.95,ACTV,ONPG
L1918,24428,2/14/2023,3/15/2023,47,9.95,ACTV,ABG
L1919,24323,2/16/2023,3/15/2023,59,10.25,ACTV,ONPG
L1920,24438,2/16/2023,3/15/2023,47,10.5,ACTV,ABG
L1921,24441,2/16/2023,3/7/2023,35,12,ACTV,BC-1
L1922,24432,2/22/2023,4/1/2023,47,11,ACTV,BCPG
L1923,23471,2/24/2023,3/15/2023,65,9.5,SOLD,ONPG
L1924,23948,2/24/2023,2/15/2023,66,9.75,SOLD,ONPG
L1925,23089,2/28/2023,4/1/2023,41,11.5,ACTV,ONPG
L1926,24443,2/28/2023,4/1/2023,35,10.5,SOLD,ABG
L1927,24445,3/2/2023,4/1/2023,47,11,ACTV,BCPG
L1928,24426,3/6/2023,4/1/2023,47,13.95,ACTV,ONPG
L1929,24447,3/6/2023,4/7/2023,35,9.75,SOLD,ABG
L1930,24450,3/7/2023,4/15/2023,47,10.5,SOLD,ABG
L1931,24337,3/10/2023,4/15/2023,29,13,SOLD,ONPG
L1932,24459,3/14/2023,4/7/2023,52,7.09,SOLD,ONPG
L1933,24465,3/17/2023,4/7/2023,36,11.5,SOLD,BC-1
L1934,24469,3/20/2023,4/15/2023,35,12.5,SOLD,BCPG
L1935,24457,3/20/2023,4/15/2023,47,11.5,ACTV,MB-1
L1936,24470,3/21/2023,4/15/2023,59,9.5,ACTV,ABG
L1937,24467,3/21/2023,4/15/2023,35,10.45,SOLD,ABG
L1938,24463,3/22/2023,4/15/2023,53,9.95,SOLD,MB-1
L1939,24460,3/24/2023,4/15/2023,41,10.5,ACTV,ONPG
L1940,23948,3/24/2023,5/1/2023,65,10,SOLD,ONPG
L1941,24240,3/23/2023,5/1/2023,65,9.65,SOLD,ONPG
L1942,24386,3/24/2023,5/1/2023,65,9.2,ACTV,ONPG
L1943,23371,3/27/2023,5/1/2023,41,9.4,ACTV,ONPG
L1944,24480,3/27/2023,4/15/2023,35,11.5,ACTV,BCPG
L1945,24472,3/27/2023,4/15/2023,35,13,SOLD,ONPG
L1946,24477,3/27/2023,5/7/2023,35,11.5,ACTV,ONPG
L1947,24459,3/28/2023,5/1/2023,59,7.99,SOLD,ONPG
L1949,24487,3/30/2023,5/1/2023,35,12,SOLD,ABG
L1950,24484,3/30/2023,5/1/2023,41,12.5,ACTV,BC-1
L1951,24405,3/30/2023,5/1/2023,24,10.5,SOLD,BCPG
L1953,24491,3/31/2023,5/1/2023,35,10.75,SOLD,ONPG
L1954,24494,3/31/2023,5/1/2023,29,14.95,SOLD,BC-1
L1955,24007,4/4/2023,5/1/2023,47,9.75,ACTV,ONPG
L1956,24493,4/4/2023,5/1/2023,35,10.5,SOLD,BC-1
L1957,24495,4/5/2023,5/7/2023,48,11.75,ACTV,ONPG
L1958,24295,4/5/2023,5/1/2023,36,9.9,ACTV,ABG
L1959,24460,4/5/2023,4/1/2023,30,13,ACTV,ONPG
L1960,24498,4/6/2023,5/7/2023,35,13.25,SOLD,BC-1
L1961,24506,4/6/2023,5/7/2023,62,10.5,ACTV,ONPG
L1962,24508,4/6/2023,5/7/2023,35,10.75,ACTV,ABG
L1963,24323,4/10/2023,5/7/2023,47,10.2,ACTV,ONPG
L1964,24497,4/10/2023,5/7/2023,29,13.5,SOLD,ONPG
L1965,24515,4/11/2023,5/7/2023,47,9.99,ACTV,ONPG
L1966,25051,4/12/2023,5/15/2023,47,9.95,SOLD,ABG
L1967,24499,4/12/2023,5/7/2023,38,12.5,SOLD,ABG
L1968,24513,4/13/2023,5/15/2023,59,9.5,ACTV,ABG
L1969,24517,4/13/2023,5/15/2023,48,9.5,ACTV,ONPG
L1970,24489,4/13/2023,5/15/2023,59,13.25,ACTV,ONPG
L1971,23185,4/14/2023,5/15/2023,41,10,ACTV,ONPG
L1972,23446,4/14/2023,5/15/2023,59,8.75,ACTV,ONPG
L1973,24479,4/17/2023,5/15/2023,29,11.5,ACTV,BC-1
L1974,25241,4/17/2023,5/15/2023,60,10.75,ACTV,BC-1
L1975,23185,4/18/2023,5/15/2023,60,9,ACTV,ONPG
L1976,24519,4/18/2023,5/15/2023,59,9,ACTV,MB-1
L1977,24511,4/19/2023,5/15/2023,42,10.75,SOLD,SK-1
L1978,24529,4/20/2023,5/15/2023,71,9.4,ACTV,ONPG
L1979,24523,4/19/2023,4/15/2023,42,10.5,ACTV,ONPG
L1980,24528,4/19/2023,5/15/2023,29,12.95,SOLD,BCPG
L1981,24338,4/20/2023,5/15/2023,59,9.1,ACTV,MB-1
L1982,23496,4/21/2023,5/15/2023,41,10.95,ACTV,ONPG
L1983,23808,4/21/2023,5/15/2023,47,9.5,ACTV,BC-1
L1984,24525,4/24/2023,5/15/2023,47,10.75,ACTV,ABG
L1985,24177,4/24/2023,5/15/2023,11,13.5,SOLD,ONPG
L1986,23976,4/28/2023,6/1/2023,38,10.56,SOLD,ONPG
L1987,24320,4/25/2023,5/15/2023,59,9.25,ACTV,BCPG
L1988,24540,4/25/2023,5/15/2023,35,11,SOLD,ONPG
L1989,24519,4/26/2023,6/1/2023,41,14.5,SOLD,MB-1
L1990,24542,4/26/2023,6/1/2023,47,10.75,ACTV,MB-1
L1991,24007,4/27/2023,6/1/2023,41,9.75,ACTV,ONPG
L1992,24007,4/28/2023,6/7/2023,41,9.75,ACTV,ONPG
L1993,24536,5/1/2023,6/1/2023,65,10.75,SOLD,ONPG
L1994,24554,5/2/2023,5/1/2023,36,9.5,SOLD,ONPG
L1995,24530,5/2/2023,6/1/2023,59,10.5,SOLD,BC-1
L1996,24301,5/3/2023,6/1/2023,41,10.95,ACTV,ONPG
L1997,24552,5/3/2023,6/1/2023,39,11.25,SOLD,ONPG
L1998,23827,5/3/2023,6/7/2023,65,9.5,SOLD,ONPG
L1999,24548,5/3/2023,6/1/2023,50,11,SOLD,ONPG
L2000,24560,5/4/2023,6/7/2023,47,10.75,ACTV,ONPG
L2001,24538,5/4/2023,6/1/2023,35,11.5,ACTV,BC-1
L2002,24551,5/5/2023,6/7/2023,47,9.75,ACTV,BC-1
L2003,24558,5/5/2023,5/7/2023,69,9,ACTV,ABG
L2004,24881,5/5/2023,6/1/2023,35,11.5,ACTV,BCPG
L2005,25014,5/11/2023,6/7/2023,35,11.25,SOLD,ONPG
L2006,24556,5/5/2023,5/1/2023,60,9.75,ACTV,ABG
L2007,24544,5/8/2023,6/7/2023,53,9.99,ACTV,ABG
L2008,24567,5/10/2023,6/7/2023,35,10.25,ACTV,ONPG
L2009,24571,5/10/2023,6/7/2023,48,9.5,SOLD,ONPG
L2010,23771,5/11/2023,6/7/2023,34,11.55,SOLD,MB-1
L2011,23088,5/12/2023,6/7/2023,36,9.25,ACTV,ONPG
L2012,24501,5/12/2023,6/7/2023,35,9.5,ACTV,MBPG
L2013,23650,5/19/2023,6/15/2023,35,10.5,ACTV,BC-1
L2014,24991,5/17/2023,6/15/2023,36,10.95,ACTV,ONPG
L2015,24455,5/18/2023,6/15/2023,42,10.25,SOLD,ONPG
L2016,24583,5/18/2023,6/15/2023,71,9.25,SOLD,ONPG
L2017,24581,5/19/2023,6/15/2023,29,12.95,SOLD,BC-1
L2018,23678,5/19/2023,6/15/2023,47,10.95,ACTV,NSPG
L2019,24579,5/23/2023,6/15/2023,47,12.5,SOLD,ONPG
L2020,24586,5/23/2023,6/15/2023,47,10.95,ACTV,BC-1
L2021,24599,5/25/2023,7/1/2023,59,11,ACTV,ABG
L2022,24589,5/25/2023,6/15/2023,47,13.5,ACTV,ONPG
L2023,23945,5/26/2023,7/7/2023,59,9.5,ACTV,ONPG
L2024,24416,5/26/2023,8/1/2023,47,9.95,ACTV,BC-1
L2025,24602,5/26/2023,7/1/2023,30,12.5,SOLD,ONPG
L2026,24567,5/26/2023,7/1/2023,35,10.25,ACTV,ONPG
L2027,24594,5/29/2023,7/1/2023,47,10.55,ACTV,ONPG
L2028,24596,5/29/2023,7/1/2023,60,9,ACTV,NSPG
L2029,24605,5/29/2023,7/1/2023,41,10.75,ACTV,ONPG
L2030,23333,5/30/2023,7/1/2023,41,10.5,SOLD,ONPG
L2031,24568,6/1/2023,6/1/2023,36,11.5,SOLD,BC-1
L2032,23540,6/1/2023,7/1/2023,17,12.95,ACTV,ONPG
L2033,23808,6/2/2023,7/1/2023,35,9.97,ACTV,BCPG
L2034,24551,6/2/2023,6/1/2023,30,12.25,SOLD,BC-1
L2035,24255,6/2/2023,7/1/2023,59,9.7,ACTV,ABG
L2036,23333,6/2/2023,6/2/2023,42,10.5,SOLD,ONPG
L2037,23446,6/2/2023,7/1/2023,41,8.94,ACTV,ONPG
L2038,24616,6/5/2023,7/1/2023,59,9.45,SOLD,ONPG
L2039,24852,6/5/2023,7/1/2023,35,9.75,ACTV,MBPG
L2040,24618,6/6/2023,7/7/2023,41,10.75,ACTV,MB-1
L2041,23006,6/6/2023,7/7/2023,41,10.75,ACTV,ONPG
L2042,23945,6/6/2023,6/7/2023,60,9.5,ACTV,ONPG
L2043,24852,6/7/2023,7/1/2023,38,11.25,ACTV,MBPG
L2044,24611,6/8/2023,7/7/2023,71,9.5,ACTV,ONPG
L2045,24607,6/6/2023,7/7/2023,36,11.95,ACTV,ABG
L2046,24247,6/9/2023,7/7/2023,17,12.25,SOLD,NSPG
L2047,24623,6/12/2023,7/7/2023,41,11,SOLD,ONPG
L2048,24626,6/13/2023,7/15/2023,35,12.75,ACTV,BC-1
L2049,24632,6/14/2023,7/15/2023,29,12.95,ACTV,BCPG
L2050,24628,6/14/2023,7/15/2023,29,12.95,ACTV,ONPG
L2051,24613,6/15/2023,7/15/2023,65,9.75,ACTV,ABG
L2052,23577,6/15/2023,7/15/2023,35,11.95,ACTV,ONPG
L2053,24630,6/15/2023,6/7/2023,30,13.5,ACTV,ABG
L2054,24636,6/15/2023,7/15/2023,29,12.5,STCK,ABG
L2055,24634,6/15/2023,6/15/2023,18,15,SOLD,BCPG
L2056,24432,6/16/2023,7/15/2023,41,11.45,ACTV,BCPG
L2057,24609,6/16/2023,7/15/2023,47,11,ACTV,MB-1
L2058,24644,6/19/2023,7/15/2023,24,13.99,SOLD,ONPG
L2059,24247,6/19/2023,7/15/2023,29,12.25,ACTV,NSPG
L2060,25026,6/20/2023,7/15/2023,35,11.75,ACTV,BCPG
L2061,24646,6/20/2023,7/15/2023,35,12.5,ACTV,ABG
L2062,23853,6/20/2023,7/15/2023,45,10.75,ACTV,ABG
L2063,23377,6/20/2023,7/15/2023,64,9.75,ACTV,ABG
L2064,24570,6/20/2023,7/15/2023,35,11.9,ACTV,BCPG
L2065,23371,6/20/2023,7/15/2023,41,9.75,ACTV,ONPG
L2066,24642,6/21/2023,7/15/2023,35,13.25,SOLD,BC-1
L2067,24015,6/28/2023,7/15/2023,41,11,ACTV,ONPG
L2068,23006,6/28/2023,8/1/2023,36,11.25,ACTV,ONPG
L2069,24656,6/28/2023,8/1/2023,65,9.85,SOLD,ONPG
L2070,24640,6/29/2023,7/1/2023,24,12.95,SOLD,MB-1
L2071,23945,6/29/2023,8/1/2023,59,9.85,ACTV,ABG
L2072,24650,6/30/2023,7/15/2023,53,9.75,ACTV,BCPG
L2073,24648,6/30/2023,8/1/2023,29,13.25,SOLD,ABG
L2074,24659,7/4/2023,8/1/2023,29,11.75,ACTV,BCPG
L2075,23264,7/4/2023,8/1/2023,70,9.75,ACTV,ONPG
L2076,24658,7/5/2023,8/5/2023,59,9.99,ACTV,ONPG
L2077,24655,7/6/2023,8/7/2023,35,11,ACTV,NBPG
L2078,24619,7/10/2023,8/7/2023,48,10.75,ACTV,MB-1
L2079,24666,7/10/2023,8/7/2023,41,11.75,ACTV,ONPG
L2080,24663,7/10/2023,8/7/2023,36,11.5,ACTV,ABG
L2081,23945,7/11/2023,8/7/2023,64,9.75,ACTV,ABG
L2082,24508,7/11/2023,8/7/2023,41,11,ACTV,ONPG
L2083,24084,7/12/2023,8/7/2023,60,9.99,ACTV,NSPG
L2084,24508,7/13/2023,8/15/2023,35,11.25,ACTV,ONPG
L2085,24295,7/13/2023,8/7/2023,35,11.25,ACTV,ABG
L2086,23976,7/13/2023,8/7/2023,23,12.75,SOLD,ONPG
L2087,24621,7/13/2023,8/7/2023,35,11.5,ACTV,ONPG
L2088,24673,7/14/2023,8/15/2023,47,10.75,ACTV,ONPG
L2089,24668,7/17/2023,8/15/2023,47,12.25,STCK,MB-1
L2090,24677,7/18/2023,8/15/2023,35,13,ACTV,ABG
L2092,24679,7/19/2023,8/15/2023,30,12.5,ACTV,SKPG
L2093,24605,7/20/2023,8/15/2023,59,11.25,ACTV,ONPG
L2094,24251,7/20/2023,7/15/2023,42,11,CANC,ONPG
L2095,24685,7/21/2023,8/15/2023,23,11.5,SOLD,ABG
L2096,24683,7/25/2023,8/15/2023,35,11.9,ACTV,ONPG
L2097,24687,7/27/2023,9/7/2023,35,11.5,SOLD,SKPG
L2098,24611,7/27/2023,9/1/2023,71,9.85,ACTV,ONPG
L2099,24689,7/28/2023,8/1/2023,24,9.99,SOLD,ONPG
L2100,24680,7/31/2023,9/1/2023,47,13.9,ACTV,ONPG
L2101,24599,8/1/2023,9/1/2023,36,11.25,ACTV,ABG
L2102,24567,8/3/2023,8/15/2023,23,10.75,SOLD,ONPG
L2103,24691,8/4/2023,8/1/2023,36,12.25,ACTV,ABG
L2104,23693,8/4/2023,9/1/2023,30,10.25,ACTV,ONPG
L2105,24693,8/4/2023,9/1/2023,54,10.75,ACTV,ONPG
L2106,24695,8/8/2023,9/7/2023,36,11.25,SOLD,ONPG
L2107,24700,8/9/2023,9/7/2023,35,12.95,SOLD,MB-1
L2108,25137,8/10/2023,9/7/2023,47,9.95,ACTV,BCPG
L2109,24247,8/11/2023,9/7/2023,17,12.25,SOLD,NSPG
L2110,24698,8/11/2023,9/7/2023,29,12.75,ACTV,ABG
L2111,24706,8/14/2023,9/15/2023,29,12.75,ACTV,ONPG
L2112,24454,8/15/2023,9/5/2023,65,9.99,ACTV,ONPG
L2113,24708,8/18/2023,9/15/2023,35,11,ACTV,ABG
L2114,24710,8/18/2023,9/15/2023,24,10.45,SOLD,ABG
L2115,24712,8/18/2023,9/15/2023,41,12.25,ACTV,BC-1
L2116,23808,8/23/2023,9/15/2023,29,10.25,ACTV,BC-1
L2117,24717,8/23/2023,9/15/2023,35,12,ACTV,MB-1
L2118,24715,8/24/2023,9/15/2023,47,12.5,SOLD,MB-1
L2119,24723,8/24/2023,9/15/2023,65,9.85,ACTV,ABG
L2120,24691,8/30/2023,10/1/2023,59,10,ACTV,ABG
L2121,23089,8/31/2023,10/1/2023,60,10.95,ACTV,ONPG
L2122,24726,8/31/2023,10/1/2023,35,11.25,SOLD,BC-1
L2123,24724,8/31/2023,10/1/2023,48,10.5,ACTV,ONPG
L2124,24724,8/31/2023,10/1/2023,48,10.5,ACTV,ONPG
L2125,24736,9/5/2023,10/1/2023,42,11.75,ACTV,ABG
L2126,24831,9/5/2023,10/1/2023,41,11.5,ACTV,ONPG
L2127,24708,9/6/2023,10/7/2023,29,11.5,ACTV,ABG
L2128,24738,9/7/2023,10/1/2023,47,11.5,ACTV,ONPG
L2129,24071,9/8/2023,10/7/2023,35,10.55,ACTV,ONPG
L2130,24724,9/8/2023,10/7/2023,48,10.5,ACTV,ONPG
L2131,24659,9/11/2023,9/7/2023,42,11.75,ACTV,BCPG
L2132,24051,9/12/2023,9/7/2023,18,14.5,ACTV,MBPG
L2133,23747,9/12/2023,10/7/2023,60,9.85,ACTV,ABG
L2134,23446,9/13/2023,9/7/2023,54,9.85,ACTV,ONPG
L2135,24750,9/14/2023,10/15/2023,65,10.75,ACTV,ONPG
L2136,24760,9/14/2023,10/15/2023,47,10,ACTV,ABG
L2137,24755,9/15/2023,10/15/2023,41,12.75,ACTV,SK-1
L2138,24758,9/15/2023,10/15/2023,24,9.85,SOLD,ONPG
L2139,24754,9/12/2023,10/15/2023,35,10.75,ACTV,ONPG
L2140,24749,9/13/2023,10/15/2023,42,9.85,ACTV,ONPG
L2141,24765,9/18/2023,10/15/2023,41,11,SOLD,ABG
L2142,24746,9/18/2023,10/15/2023,41,13.5,ACTV,ONPG
L2143,23219,9/18/2023,10/15/2023,47,7.95,ACTV,ONPG
L2144,24762,9/19/2023,10/15/2023,41,12,STCK,ABG
L2145,24769,9/20/2023,10/15/2023,35,11.5,ACTV,ONPG
L2146,24546,9/20/2023,10/15/2023,60,11.25,ACTV,ONPG
L2147,24744,9/21/2023,10/15/2023,17,16.5,ACTV,ONPG
L2148,24774,9/21/2023,10/7/2023,48,12.5,ACTV,ONPG
L2149,24771,9/22/2023,10/15/2023,35,12.99,SOLD,ONPG
L2150,24732,9/22/2023,10/15/2023,41,12.5,ACTV,ONPG
L2151,24734,9/22/2023,10/15/2023,29,12.99,ACTV,ABG
L2152,23377,9/25/2023,10/15/2023,65,9.85,SOLD,ABG
L2153,24685,9/27/2023,10/15/2023,47,11.25,ACTV,ABG
L2154,24351,9/27/2023,10/15/2023,47,11,ACTV,ONPG
L2155,24786,9/28/2023,11/1/2023,35,11.25,ACTV,ABG
L2156,24776,9/28/2023,11/1/2023,35,10,ACTV,ONPG
L2157,24780,9/28/2023,11/1/2023,48,12.25,ACTV,MB-1
L2158,24276,9/29/2023,11/1/2023,36,12.99,ACTV,ONPG
L2159,24794,10/11/2023,11/1/2023,47,10,ACTV,ONPG
L2160,24788,10/4/2023,11/1/2023,35,9.85,ACTV,ONPG
L2161,24084,10/6/2023,10/7/2023,61,9.99,ACTV,NSPG
L2162,23264,10/10/2023,11/7/2023,70,10.25,ACTV,ONPG
L2163,24792,10/10/2023,11/7/2023,35,12.5,ACTV,ONPG
L2164,24307,10/10/2023,11/7/2023,47,9.85,ACTV,ONPG
L2165,24760,10/11/2023,11/15/2023,47,10,ACTV,ABG
L2166,24805,10/11/2023,11/7/2023,23,13.25,SOLD,ABG
L2167,24779,10/12/2023,11/7/2023,35,11.95,SOLD,ONPG
L2168,24811,10/13/2023,11/15/2023,40,9.99,ACTV,ONPG
L2169,24803,10/16/2023,11/7/2023,47,11.45,STCK,ONPG
L2170,23006,10/17/2023,11/15/2023,35,11.75,ACTV,ONPG
L2171,24511,10/17/2023,11/15/2023,48,10.75,STCK,ONPG
L2172,24767,10/17/2023,11/15/2023,36,11.75,ACTV,MB-1
L2173,24792,10/18/2023,10/15/2023,14,15,SOLD,ONPG
L2174,24818,10/19/2023,11/15/2023,60,11.23,ACTV,ONPG
L2175,24821,10/19/2023,11/15/2023,53,10.5,ACTV,ABG
L2176,24807,10/20/2023,11/15/2023,48,9.85,SOLD,SK-1
L2177,24816,10/23/2023,10/15/2023,37,11.75,ACTV,BC-1
L2178,24829,10/24/2023,11/15/2023,30,10.75,ACTV,ABG
L2179,24247,10/24/2023,11/15/2023,35,10.75,ACTV,NSPG
L2180,24823,10/25/2023,11/15/2023,47,9.85,ACTV,ONPG
L2181,24815,10/25/2023,11/15/2023,41,11.25,ACTV,ABG
L2182,24812,10/26/2023,11/15/2023,41,11.5,ACTV,ONPG
L2183,24797,10/27/2023,12/1/2023,47,12.5,ACTV,ONPG
L2184,24809,10/27/2023,12/1/2023,35,13.25,ACTV,MB-1
L2185,24827,10/27/2023,12/1/2023,29,12.25,ACTV,ABG
L2186,24832,10/30/2023,12/1/2023,35,13.25,ACTV,BC-1
L2187,24825,10/31/2023,12/1/2023,39,12.25,SOLD,MBPG
L2188,24047,11/6/2023,12/1/2023,41,11.5,ACTV,ONPG
L2189,23887,11/6/2023,12/1/2023,36,9.99,ACTV,ONPG
L2190,24240,11/7/2023,12/7/2023,65,10.08,ACTV,ONPG
L2191,23321,11/7/2023,12/7/2023,35,9.95,ACTV,ABG
L2192,23064,11/9/2023,12/7/2023,64,10.5,ACTV,ONPG
L2193,24519,11/10/2023,12/15/2023,49,11.5,ACTV,ABG
L2194,23693,11/10/2023,12/15/2023,30,10.7,ACTV,ONPG
L2195,23941,11/15/2023,12/15/2023,36,11.5,ACTV,ABG
L2196,24823,11/16/2023,12/15/2023,29,10.75,ACTV,ONPG
L2197,24834,11/16/2023,12/15/2023,35,11.95,ACTV,MB-1
L2198,24836,11/16/2023,12/15/2023,34,10.7,ACTV,ONPG
L2199,24836,11/16/2023,12/15/2023,59,10.5,ACTV,ONPG
L2200,24841,11/21/2023,12/15/2023,59,10.55,ACTV,ONPG
L2201,24840,11/21/2023,12/15/2023,47,11.25,ACTV,ABG
L2202,24841,11/21/2023,12/15/2023,59,10.55,ACTV,ONPG
L2203,23177,11/21/2023,12/15/2023,35,11,ACTV,ONPG
L2204,24848,11/22/2023,12/15/2023,35,11.75,ACTV,ONPG
L2205,24844,11/22/2023,12/15/2023,35,11.95,ACTV,ONPG
L2206,23006,11/23/2023,12/15/2023,47,10.96,SOLD,ONPG
L2207,23006,11/23/2023,12/15/2023,47,11.9,STCK,ONPG
L2208,24546,11/23/2023,12/15/2023,39,12.5,ACTV,ONPG
L2209,24853,11/27/2023,12/15/2023,35,12.25,ACTV,ONPG
L2210,24168,11/28/2023,1/1/2024,47,10.75,ACTV,ONPG
L2211,23119,11/28/2023,1/1/2024,47,11.5,ACTV,ABG
L2212,23006,11/29/2023,1/1/2024,47,11.9,ACTV,ONPG
L2213,23006,11/29/2023,1/1/2024,47,11.9,ACTV,ONPG
L2214,23948,11/30/2023,1/1/2024,65,10.25,SOLD,ONPG
L2215,23006,12/5/2023,12/15/2023,23,10.45,ACTV,ONPG
L2216,24858,12/4/2023,1/1/2024,23,11.75,SOLD,MBPG
L2217,24864,12/8/2023,1/1/2024,36,11.99,ACTV,ONPG
L2218,24860,12/8/2023,1/7/2024,60,12.95,SOLD,ONPG
L2219,24866,12/8/2023,1/7/2024,35,11.75,SOLD,ONPG
L2220,23177,12/14/2023,12/15/2023,24,10.25,ACTV,ONPG
L2221,23936,12/14/2023,1/15/2024,36,11.11,SOLD,ONPG
L2222,23936,12/14/2023,1/15/2024,23,12,SOLD,ONPG
L2223,24872,12/14/2023,1/15/2024,24,12,ACTV,ABG
L2224,24630,12/19/2023,1/15/2024,11,14.5,SOLD,ABG
L2225,24876,12/19/2023,1/15/2024,35,11.25,ACTV,ONPG
L2226,24874,12/20/2023,1/15/2024,18,13.99,SOLD,ABG
L2227,24842,11/30/2023,1/1/2024,35,15.99,SOLD,ONPG
L2228,24878,1/2/2024,2/15/2024,53,12.5,ACTV,ONPG
L2229,24093,1/5/2024,2/1/2024,48,12.25,ACTV,ABG
L2230,23088,1/10/2024,2/1/2024,35,10.5,SOLD,NSPG
L2231,24640,1/15/2024,2/15/2024,11,14.5,SOLD,ONPG
L2232,24882,1/17/2024,2/7/2024,29,11.95,ACTV,ABG
L2233,23105,1/19/2024,2/7/2024,47,9.99,ACTV,ONPG
L2234,24887,1/22/2024,2/15/2024,31,11.75,ACTV,BCPG
L2235,24889,1/22/2024,2/1/2024,29,11.25,ACTV,ONPG
L2236,23851,1/24/2024,2/7/2024,35,12.75,ACTV,ONPG
L2239,24894,1/31/2024,2/15/2024,31,12.25,ACTV,ONPG
L2240,23948,2/2/2024,2/15/2024,23,12.5,STCK,ONPG
L2241,24893,2/6/2024,3/1/2024,47,10.75,ACTV,ONPG
L2242,24902,2/6/2024,3/1/2024,41,11.25,ACTV,ABG
L2243,23693,2/7/2024,3/15/2024,24,12.25,ACTV,ONPG
L2244,23693,2/7/2024,3/15/2024,24,12.25,ACTV,ONPG
L2245,23371,2/7/2024,3/1/2024,41,9.95,ACTV,ONPG
L2246,24906,2/8/2024,3/1/2024,48,12,ACTV,BCPG
L2247,24556,2/9/2024,2/1/2024,60,9.99,ACTV,ABG
L2248,24903,2/9/2024,3/1/2024,59,9.75,ACTV,ONPG
L2249,24908,2/9/2024,3/1/2024,23,14.5,ACTV,ONPG
L2250,24908,2/9/2024,3/1/2024,23,14.5,ACTV,ONPG
L2251,24900,2/13/2024,3/15/2024,47,15.15,SOLD,BC-1
L2252,24913,2/13/2024,3/15/2024,23,15,ACTV,ABG
L2253,24918,2/15/2024,3/15/2024,29,12,ACTV,ONPG
L2254,24687,2/16/2024,3/15/2024,48,10.25,SOLD,ABG
L2255,24687,2/16/2024,3/15/2024,48,10.25,SOLD,ABG
L2256,24920,2/16/2024,3/15/2024,36,12.75,ACTV,ONPG
L2257,24918,2/20/2024,3/15/2024,47,12,ACTV,ONPG
L2258,24916,2/21/2024,3/15/2024,29,12.25,ACTV,MB-1
L2259,24724,2/21/2024,3/15/2024,41,11.25,ACTV,ONPG
L2260,24927,2/22/2024,3/15/2024,24,12.25,ACTV,BC-1
L2261,24922,2/23/2024,3/15/2024,47,11.95,ACTV,BC-1
L2262,24903,2/22/2024,3/15/2024,71,9.75,SOLD,ONPG
L2263,24931,2/23/2024,3/15/2024,65,10.5,ACTV,ONPG
L2264,23910,2/26/2024,4/1/2024,35,11.75,ACTV,BCPG
L2265,23771,2/27/2024,4/1/2024,36,12.7,SOLD,MB-1
L2266,24929,2/27/2024,4/1/2024,35,12.45,ACTV,ONPG
L2267,24924,2/27/2024,4/1/2024,35,12.5,ACTV,ABG
L2268,24896,2/28/2024,4/1/2024,24,12.95,ACTV,NBPG
L2269,24168,3/4/2024,4/1/2024,47,10.7,ACTV,ONPG
L2270,23588,3/4/2024,4/1/2024,35,10.15,ACTV,ONPG
L2271,23588,3/4/2024,4/1/2024,35,10.5,ACTV,ONPG
L2272,23693,3/5/2024,4/1/2024,24,12,SOLD,ONPG
L2273,23032,3/5/2024,4/1/2024,59,8.25,ACTV,ONPG
L2274,24945,3/6/2024,4/7/2024,29,17.95,ACTV,ONPG
L2275,24949,3/7/2024,4/7/2024,35,10.75,SOLD,ONPG
L2276,24911,3/11/2024,4/1/2024,47,11.5,ACTV,ONPG
L2277,24955,3/12/2024,3/7/2024,30,12.99,ACTV,ONPG
L2278,24943,3/14/2024,4/15/2024,35,12.25,ACTV,ABG
L2279,24960,3/15/2024,4/15/2024,29,12.5,ACTV,BCPG
L2280,24966,3/21/2024,4/15/2024,11,14.99,SOLD,ONPG
L2281,24962,3/22/2024,4/15/2024,41,12.25,ACTV,ONPG
L2282,24460,3/26/2024,4/15/2024,47,12.25,ACTV,ONPG
L2283,23693,3/27/2024,5/1/2024,24,12,SOLD,ONPG
L2284,24964,3/28/2024,4/15/2024,35,10.25,ACTV,ABG
L2285,24935,3/28/2024,4/15/2024,36,13,ACTV,BCPG
L2286,24957,4/2/2024,5/1/2024,41,12.25,ACTV,ONPG
L2287,24971,4/3/2024,5/1/2024,41,11.95,ACTV,ABG
L2288,24973,4/3/2024,5/1/2024,35,12.9,SOLD,ONPG
L2289,24546,4/4/2024,5/1/2024,47,12.5,ACTV,ONPG
L2290,24975,4/4/2024,5/1/2024,65,9.99,ACTV,ONPG
L2291,24977,4/9/2024,5/7/2024,29,11.99,ACTV,ONPG
L2292,24979,4/10/2024,5/1/2024,41,9.99,ACTV,ONPG
L2293,24979,4/10/2024,5/1/2024,41,9.99,ACTV,ONPG
L2294,24724,4/10/2024,5/1/2024,47,11.25,ACTV,ONPG
L2295,24985,4/11/2024,5/7/2024,24,8.99,ACTV,SKPG
L2296,24981,4/12/2024,5/7/2024,59,10.25,ACTV,ONPG
L2297,24983,4/12/2024,5/15/2024,36,13,ACTV,ONPG
L2298,23219,4/12/2024,5/7/2024,29,8.75,ACTV,ONPG
L2299,24546,4/17/2024,5/7/2024,53,12,SOLD,ONPG
L2300,24989,4/18/2024,5/15/2024,59,9.85,ACTV,ONPG
L23008,24295,5/2/2024,6/1/2024,18,12.5,CANC,ABG
L2301,24987,4/18/2024,5/15/2024,24,14.9,SOLD,MB-1
L2302,23219,4/19/2024,5/15/2024,35,8.5,ACTV,ONPG
L2303,24951,4/22/2024,5/15/2024,35,12.95,SOLD,ABG
L2304,23830,4/23/2024,5/15/2024,41,8.5,ACTV,ONPG
L2305,24993,4/26/2024,5/15/2024,30,15.9,ACTV,ONPG
L2306,25001,4/30/2024,6/1/2024,39,12,ACTV,MB-1
L2307,25005,5/1/2024,6/1/2024,29,13.95,ACTV,ONPG
L2308,24295,5/2/2024,6/1/2024,18,12.5,ACTV,ABG
L2309,25003,5/2/2024,6/1/2024,23,12.25,ACTV,ONPG
L2310,24295,5/6/2024,6/7/2024,30,10.25,ACTV,ABG
L2311,25008,5/6/2024,6/7/2024,47,10.5,ACTV,ONPG
L2312,23006,5/7/2024,5/7/2024,30,13,ACTV,BCPG
L2313,24295,5/8/2024,6/15/2024,30,10.5,ACTV,ABG
L2314,24938,5/8/2024,6/7/2024,35,12.5,ACTV,ABG
L2315,23321,5/9/2024,6/7/2024,36,10.25,ACTV,ABG
L2316,25010,5/10/2024,6/7/2024,48,12.49,ACTV,ONPG
L2317,24996,5/10/2024,6/7/2024,47,12,ACTV,ONPG
L2318,25012,5/13/2024,6/7/2024,19,14,ACTV,ONPG
L2319,24255,5/15/2024,6/15/2024,53,10.25,ACTV,ABG
L2320,24829,5/16/2024,6/15/2024,30,12,ACTV,ABG
L2321,25016,5/16/2024,6/15/2024,23,12.75,SOLD,BC-1
L2322,24295,5/16/2024,6/15/2024,23,11.5,ACTV,ABG
L2323,25018,5/17/2024,6/15/2024,48,10.5,ACTV,ABG
L2324,24175,5/17/2024,6/15/2024,24,12.99,ACTV,BC-1
L2325,24893,5/21/2024,6/15/2024,59,10,ACTV,ONPG
L2326,25020,5/23/2024,6/15/2024,30,10.5,ACTV,ONPG
L2327,23064,5/27/2024,6/15/2024,65,10.25,ACTV,ONPG
L2328,25023,5/31/2024,7/1/2024,36,12,ACTV,ABG
L2329,24999,5/31/2024,7/1/2024,23,13.8,ACTV,SK-1
L2331,23043,6/5/2024,7/1/2024,47,10.25,ACTV,ONPG
L2332,23064,6/5/2024,7/7/2024,41,10.75,ACTV,ONPG
L2333,25028,6/7/2024,7/7/2024,36,12.25,ACTV,ONPG
L2334,24841,6/11/2024,7/7/2024,65,10.5,ACTV,ONPG
L2335,23887,6/12/2024,7/7/2024,35,11.75,ACTV,ABG
L2336,25034,6/13/2024,7/7/2024,35,10.5,ACTV,ONPG
L2337,23064,6/14/2024,7/25/2024,65,10.25,ACTV,ONPG
L2338,25036,6/14/2024,7/15/2024,41,12,ACTV,ONPG
L2339,25039,6/17/2024,7/15/2024,23,10.75,ACTV,ONPG
L2340,25032,6/18/2024,7/15/2024,30,11.5,ACTV,ONPG
L2341,23088,6/19/2024,7/15/2024,30,11.75,ACTV,ONPG
L2342,25030,6/24/2024,7/15/2024,12,15.5,SOLD,ABG
L2343,25046,6/26/2024,7/15/2024,35,11.75,ACTV,ABG
L2344,25043,7/5/2024,8/1/2024,35,10.25,ACTV,ONPG
L2345,25048,7/5/2024,8/1/2024,29,12.25,ACTV,ABG
L2346,23981,7/9/2024,8/7/2024,35,12,ACTV,ONPG
L2347,24007,7/9/2024,8/7/2024,35,9.99,ACTV,ONPG
L2348,24724,7/15/2024,8/15/2024,47,11.25,ACTV,ONPG
L2349,25041,7/19/2024,8/15/2024,30,11.95,ACTV,MB-1
L2350,25054,7/19/2024,8/15/2024,36,10.5,ACTV,ABG
L2351,25053,7/22/2024,8/15/2024,29,11.75,ACTV,NSPG
L2352,24247,7/22/2024,8/15/2024,29,11.75,ACTV,NSPG
L2353,24384,7/24/2024,8/15/2024,35,10.75,SOLD,ONPG
L2354,24364,7/24/2024,8/15/2024,35,11.75,ACTV,ABG
L2355,25061,7/30/2024,9/1/2024,30,11.25,ACTV,ABG
L2356,24744,8/9/2024,9/7/2024,35,12.5,ACTV,ONPG
L2357,23830,8/9/2024,9/7/2024,41,8.99,ACTV,ONPG
L2358,25057,8/13/2024,9/15/2024,41,14.9,ACTV,MB-1
L2359,25066,8/15/2024,9/15/2024,29,11.75,ACTV,ONPG
L2360,25032,8/16/2024,9/15/2024,47,11.5,ACTV,ONPG
L2361,24812,8/21/2024,9/15/2024,59,9.5,ACTV,ONPG
L2362,23943,8/23/2024,9/15/2024,35,11.5,ACTV,MB-1
L2363,25071,8/27/2024,10/1/2024,36,11.95,ACTV,ABG
L2364,23219,8/28/2024,10/1/2024,47,9.45,ACTV,ONPG
L2365,25069,8/28/2024,10/1/2024,47,11,ACTV,ONPG
L2366,25082,9/4/2024,10/1/2024,29,13.99,SOLD,ONPG
L2367,25076,9/4/2024,10/1/2024,36,12.95,ACTV,ABG
L2368,25080,9/5/2024,10/7/2024,29,12.5,ACTV,NSPG
L2369,25074,9/9/2024,10/7/2024,24,13,ACTV,ONPG
L2370,24007,9/9/2024,10/7/2024,35,8.95,ACTV,ONPG
L2371,24007,9/10/2024,10/7/2024,29,10.5,ACTV,ONPG
L2372,25088,9/10/2024,10/7/2024,29,11.95,ACTV,ONPG
L2373,25091,9/11/2024,10/15/2024,35,11.75,ACTV,ONPG
L2374,23043,9/11/2024,10/7/2024,65,10.25,ACTV,ONPG
L2375,25086,9/11/2024,10/15/2024,59,9.85,ACTV,ONPG
L2376,24979,9/12/2024,10/15/2024,41,9.99,ACTV,ONPG
L2377,25096,9/12/2024,10/15/2024,35,12.99,ACTV,ABG
L2378,25084,9/12/2024,10/15/2024,35,10.75,ACTV,NSPG
L2379,24007,9/13/2024,10/21/2024,41,8.95,ACTV,ONPG
L2380,24007,9/16/2024,10/15/2024,29,10.25,ACTV,ONPG
L2381,25105,9/20/2024,10/15/2024,36,11.5,ACTV,ONPG
L2382,25092,9/23/2024,10/15/2024,35,11,ACTV,BC-1
L2383,25107,9/23/2024,10/15/2024,18,12.25,ACTV,ONPG
L2384,24007,9/23/2024,10/15/2024,23,10.5,ACTV,ONPG
L2385,25103,9/25/2024,10/21/2024,41,11.25,ACTV,ONPG
L2386,25110,9/26/2024,10/21/2024,47,11.5,ACTV,ONPG
L2387,25098,9/26/2024,10/21/2024,18,11.95,ACTV,ONPG
L2388,25101,9/26/2024,9/21/2024,25,10.5,ACTV,ONPG
L2389,25112,9/27/2024,10/21/2024,35,11.75,ACTV,ONPG
L2390,24364,9/27/2024,10/21/2024,29,11.99,ACTV,ABG
L2391,23082,10/1/2024,10/21/2024,35,8.25,ACTV,ONPG
L2392,25084,10/4/2024,11/7/2024,35,11,ACTV,NSPG
L2393,25120,10/8/2024,11/7/2024,29,11.95,ACTV,BC-1
L2394,25117,10/8/2024,11/7/2024,36,11.5,ACTV,ABG
L2395,25114,10/8/2024,11/7/2024,23,11.75,ACTV,ONPG
L2396,25086,10/9/2024,11/7/2024,47,9.85,ACTV,ONPG
L2397,25123,10/11/2024,11/15/2024,65,9,ACTV,ONPG
L2398,25135,10/15/2024,11/15/2024,36,10.5,ACTV,ONPG
L2399,25132,10/16/2024,11/15/2024,35,11.75,ACTV,ABG
L2400,25126,10/16/2024,11/15/2024,41,11.5,ACTV,BC-1
L2401,25141,10/18/2024,11/15/2024,24,12,ACTV,ONPG
L2402,24007,10/18/2024,11/15/2024,9,10.45,SOLD,ONPG
L2403,25116,10/21/2024,11/15/2024,29,11,ACTV,ONPG
L2404,25130,10/23/2024,12/1/2024,41,9.5,ACTV,MB-1
L2405,23923,10/23/2024,12/1/2024,29,11.5,ACTV,BC-1
L2406,23923,10/25/2024,12/1/2024,35,11.5,ACTV,BC-1
L2407,25110,10/30/2024,12/1/2024,47,11.5,ACTV,ONPG
L2408,25146,11/4/2024,12/1/2024,47,11.5,ACTV,ABG
L2409,24829,11/12/2024,12/7/2024,23,12.5,ACTV,ABG
L2411,25149,11/14/2024,12/15/2024,24,12.5,ACTV,ABG
L2412,25144,11/14/2024,12/15/2024,35,11.25,ACTV,ABG
L2413,25148,11/15/2024,12/15/2024,59,9.5,ACTV,ONPG
L2414,25154,11/18/2024,12/7/2024,48,10.99,ACTV,ONPG
L2415,24007,11/19/2024,12/15/2024,23,10.95,ACTV,ONPG
L2416,24007,11/19/2024,12/15/2024,29,10.95,ACTV,ONPG
L2417,24007,11/19/2024,12/15/2024,35,10.95,ACTV,ONPG
L2418,25046,11/20/2024,12/15/2024,35,10.25,ACTV,ABG
L2419,24864,11/20/2024,12/15/2024,36,11.9,ACTV,ONPG
L2420,25107,11/20/2024,12/15/2024,11,13.95,ACTV,ONPG
L2421,25159,11/22/2024,1/1/2025,35,8.9,ACTV,ONPG
L2422,25156,11/25/2024,1/1/2025,48,12,ACTV,ONPG
L2423,25066,11/27/2024,1/1/2025,17,12,ACTV,ONPG
L2424,25066,11/27/2024,1/1/2025,35,12,ACTV,ONPG
L2425,25162,11/27/2024,12/1/2024,48,8.9,ACTV,ONPG
L2426,25168,11/29/2024,1/1/2025,36,11.5,ACTV,ONPG
L2427,25074,12/2/2024,1/1/2025,17,13,ACTV,ONPG
L2428,25178,12/2/2024,1/1/2025,47,11.05,ACTV,ONPG
L2429,25171,12/3/2024,1/1/2025,47,10.5,ACTV,ABG
L2430,25166,12/3/2024,1/1/2025,35,10.99,ACTV,ABG
L2431,25046,12/4/2024,1/7/2025,36,10.5,ACTV,ABG
L2432,25163,12/4/2024,1/7/2025,47,10.75,ACTV,BCPG
L2433,25182,12/4/2024,1/7/2025,36,9.5,ACTV,ONPG
L2434,25139,12/6/2024,1/7/2025,41,11.95,ACTV,ONPG
L2435,24168,12/9/2024,1/7/2025,59,10.3,ACTV,ONPG
L2436,23678,12/10/2024,1/7/2025,23,12.25,ACTV,ABG
L2437,25395,12/10/2024,1/7/2025,59,9.95,ACTV,ONPG
L2438,24168,12/12/2024,1/15/2025,47,10.25,ACTV,ONPG
L2439,25173,12/12/2024,1/15/2025,23,12,ACTV,MB-1
L2440,23936,12/13/2024,1/15/2025,36,8.8,ACTV,ONPG
L2441,25175,12/16/2024,1/15/2025,35,12.5,ACTV,ABG
L2442,24710,12/16/2024,1/15/2025,30,12,ACTV,ONPG
L2443,25048,12/16/2024,1/15/2025,36,12,ACTV,ABG
L2444,25066,12/17/2024,1/15/2025,15,13.5,ACTV,ONPG
L2445,25066,12/17/2024,1/15/2025,36,11.95,ACTV,ONPG
L2446,24007,12/17/2024,12/15/2024,24,11.9,ACTV,ONPG
L2447,25191,12/18/2024,2/1/2025,41,8.25,ACTV,ONPG
L2448,25187,12/18/2024,1/15/2025,36,10.25,ACTV,ONPG
L2449,25110,12/19/2024,1/15/2025,35,8.65,ACTV,ONPG
L2450,25193,12/23/2024,2/1/2025,36,12.25,ACTV,ABG
L2451,25189,12/30/2024,2/1/2025,59,10.5,ACTV,ONPG
L2452,24979,12/30/2024,2/1/2025,47,8.25,ACTV,ONPG
L2453,24979,12/31/2024,2/1/2025,47,8.25,SOLD,ONPG
L2454,25198,1/2/2025,2/1/2025,36,9.95,ACTV,ONPG
L2455,25395,1/13/2025,2/15/2025,59,9.95,ACTV,ONPG
L2456,25203,1/13/2025,2/15/2025,35,12.25,ACTV,ONPG
L2457,25154,1/14/2025,2/15/2025,59,10.25,ACTV,ONPG
L2458,25162,1/15/2025,2/1/2025,48,8.42,ACTV,ONPG
L2459,25162,1/15/2025,2/1/2025,48,8.42,ACTV,ONPG
L2460,25162,1/15/2025,2/1/2025,48,8.42,ACTV,ONPG
L2461,25162,1/15/2025,2/1/2025,48,8.42,ACTV,ONPG
L2462,24007,1/16/2025,2/15/2025,42,9.11,ACTV,ONPG
L2463,23936,1/16/2025,1/15/2025,49,8.35,SOLD,ONPG
L2464,25210,1/16/2025,2/15/2025,41,12.25,ACTV,ONPG
L2466,25200,1/16/2025,2/15/2025,36,11.5,ACTV,ONPG
L2468,23830,1/22/2025,2/15/2025,35,8.25,ACTV,ONPG
L2469,23830,1/22/2025,2/21/2025,35,8.25,ACTV,ONPG
L2470,25220,1/24/2025,2/15/2025,35,11.5,ACTV,BC-1
L2471,25220,1/24/2025,2/15/2025,29,11.5,ACTV,BC-1
L2472,24805,1/27/2025,3/1/2025,36,11.75,ACTV,ONPG
L2473,25213,1/27/2025,3/1/2025,35,11.5,ACTV,MB-1
L2474,24295,1/29/2025,3/1/2025,47,9.99,ACTV,ABG
L2475,25217,1/28/2025,3/1/2025,29,11.9,ACTV,ABG
L2476,25222,1/30/2025,3/1/2025,36,9,ACTV,ONPG
L2477,23676,2/5/2025,3/1/2025,35,8.25,ACTV,BCPG
L2478,25227,2/7/2025,3/7/2025,36,11,ACTV,MB-1
L2479,25126,2/6/2025,3/7/2025,35,10.75,ACTV,BC-1
L2480,25230,2/7/2025,3/7/2025,47,8.85,ACTV,ONP
L2481,25224,2/7/2025,3/7/2025,29,12,SOLD,ONPG
L2482,25232,2/11/2025,3/7/2025,36,9.1,ACTV,ONPG
L2483,25236,2/11/2025,3/15/2025,47,12.5,ACTV,ONPG
L2484,25229,2/13/2025,3/15/2025,35,9.5,ACTV,SK-1
L2485,25126,2/13/2025,3/15/2025,35,10.75,ACTV,BC-1
L2486,25120,2/18/2025,3/15/2025,47,10.15,ACTV,BC-1
L2487,25239,2/14/2025,3/15/2025,24,12,ACTV,ONPG
L2488,25234,2/14/2025,3/15/2025,35,11,ACTV,BC-1
L2489,25048,2/19/2025,3/1/2025,25,11.9,ACTV,ABG
L2490,25243,2/20/2025,3/15/2025,23,16.5,ACTV,ABG
L2491,24007,2/24/2025,4/1/2025,24,10.95,ACTV,ABG
L2492,25253,2/24/2025,4/1/2025,29,11.75,ACTV,BC-1
L2493,25250,2/25/2025,4/1/2025,29,12,ACTV,ONPG
L2494,25255,2/27/2025,4/1/2025,23,8.5,ACTV,ONPG
L2495,25255,2/27/2025,4/1/2025,23,8.5,ACTV,ONPG
L2496,25257,2/28/2025,4/1/2025,48,8.95,ACTV,ONPG
L2497,25154,2/28/2025,4/1/2025,23,10.25,ACTV,ONPG
L2498,25255,3/3/2025,4/7/2025,23,8.5,ACTV,ONPG
L2499,25255,3/3/2025,4/7/2025,23,8.5,ACTV,ONPG
L2500,25246,3/6/2025,4/7/2025,42,12,ACTV,NSPG
L2501,24323,3/11/2025,4/7/2025,59,9,ACTV,ONPG
L2502,24812,3/11/2025,4/7/2025,23,11.95,ACTV,ONPG
L2503,24364,3/12/2025,4/15/2025,35,11.99,ACTV,ABG
L2504,25259,3/12/2025,4/15/2025,41,9.95,ACTV,ONPG
L2505,25263,3/13/2025,4/15/2025,35,9.95,ACTV,BC-1
L2506,25264,3/17/2025,4/15/2025,48,8.95,ACTV,ABG
L2507,25310,3/18/2025,4/15/2025,35,8.5,ACTV,ONPG
L2508,25269,3/18/2025,4/15/2025,29,12,ACTV,ONPG
L2509,25274,3/24/2025,4/15/2025,23,10.5,ACTV,BC-1
L2510,25048,3/27/2025,5/1/2025,24,11.9,ACTV,ABG
L2511,25276,3/27/2025,5/1/2025,29,10.95,ACTV,SK-1
L2512,25266,3/28/2025,5/1/2025,35,9.75,ACTV,ABG
L2513,25259,3/28/2025,5/1/2025,47,9.95,ACTV,ONPG
L2514,25278,3/31/2025,5/1/2025,27,11.9,ACTV,ONPG
L2515,23043,4/1/2025,5/1/2025,41,9,ACTV,ONPG
L2516,23910,4/10/2025,5/1/2025,41,8.5,ACTV,BC-1
L2517,25280,4/15/2025,5/15/2025,29,11.95,ACTV,ONPG
L2518,25284,4/15/2025,5/15/2025,23,12.25,ACTV,BC-1
L2519,25282,4/17/2025,5/15/2025,47,9,ACTV,ONPG
L2520,25291,4/22/2025,5/15/2025,47,13,ACTV,NSPG
L2521,23371,4/22/2025,5/21/2025,17,7.95,ACTV,ONPG
L2522,23371,4/22/2025,5/21/2025,17,7.95,ACTV,ONPG
L2523,25230,4/23/2025,5/15/2025,47,8.02,ACTV,ONP
L2524,25230,4/23/2025,5/15/2025,47,8.02,ACTV,ONP
L2525,24337,4/23/2025,6/1/2025,47,8.95,ACTV,ABG
L2526,25294,4/24/2025,4/15/2025,48,7.65,ACTV,ONPG
L2527,25300,4/25/2025,6/1/2025,29,10.5,ACTV,BC-1
L2528,23082,4/29/2025,6/1/2025,47,8.25,ACTV,ONPG
L2529,25296,4/29/2025,6/1/2025,59,10.15,ACTV,ONPG
L2530,25304,4/30/2025,6/1/2025,47,10.5,ACTV,BC-1
L2531,25302,4/30/2025,6/1/2025,23,12.25,ACTV,ONPG
L2532,24979,4/30/2025,6/1/2025,41,8.9,ACTV,ONPG
L2533,25306,5/1/2025,6/1/2025,35,12,ACTV,NSPG
L2534,25298,5/2/2025,6/1/2025,35,11.5,ACTV,ONPG
L2535,24210,5/2/2025,6/1/2025,24,8.95,ACTV,ABG
L2536,25289,5/5/2025,6/7/2025,23,12.85,ACTV,BC-1
L2537,25316,5/7/2025,6/7/2025,35,9.95,ACTV,ABG
L2538,25286,5/7/2025,6/7/2025,24,12.95,ACTV,ONPG
L2539,25312,5/13/2025,6/15/2025,29,12,ACTV,ONPG
L2540,25310,5/14/2025,6/15/2025,29,9.9,ACTV,ONPG
L2541,24168,5/16/2025,6/15/2025,41,9,ACTV,ONPG
L2542,25320,5/21/2025,6/15/2025,23,13.25,ACTV,ONPG
L2543,25189,5/22/2025,6/15/2025,65,9.95,ACTV,ONPG
L2544,25323,5/23/2025,6/15/2025,29,10.75,ACTV,ABG
L2545,25322,5/23/2025,6/15/2025,30,11.95,ACTV,BC-1
L2546,24007,5/27/2025,7/1/2025,17,11.5,ACTV,ONPG
L2547,25332,5/27/2025,7/1/2025,47,8.95,ACTV,ONPG
L2548,25117,5/29/2025,7/1/2025,29,11.55,ACTV,ABG
L2549,25335,5/29/2025,7/1/2025,35,9.95,ACTV,ONPG
L2550,25337,5/30/2025,6/1/2025,36,8.85,ACTV,ONPG
L2551,25340,5/30/2025,7/1/2025,35,10.35,ACTV,ONPG
L2552,25310,6/2/2025,7/1/2025,29,11.95,ACTV,ONPG
L2553,23371,6/3/2025,7/1/2025,35,8.5,ACTV,ONPG
L2554,23371,6/3/2025,7/1/2025,35,8.5,ACTV,ONPG
L2555,25300,6/3/2025,7/1/2025,24,10.5,ACTV,BC-1
L2556,24007,6/3/2025,7/1/2025,42,7.27,ACTV,ONPG
L2557,25310,6/4/2025,7/1/2025,29,11.95,ACTV,ONPG
L2558,23943,6/4/2025,7/1/2025,47,8.95,ACTV,MB-1
L2559,25343,6/4/2025,7/1/2025,59,8.85,ACTV,ONPG
L2560,23447,6/5/2025,7/1/2025,48,8.25,ACTV,ONPG
L2561,25342,6/6/2025,7/7/2025,35,9.5,ACTV,ONPG
L2562,25344,6/6/2025,7/1/2025,48,12,SOLD,ONPG
L2563,25342,6/13/2025,7/15/2025,35,9.5,ACTV,ONPG
L2564,23335,6/13/2025,7/15/2025,59,8.35,ACTV,ONPG
L2565,25310,6/16/2025,7/15/2025,29,12.95,ACTV,ONPG
L2566,25342,6/16/2025,7/15/2025,35,9.5,ACTV,ONPG
L2567,25348,6/19/2025,7/15/2025,58,8.62,ACTV,ONPG
L2568,25339,6/19/2025,7/15/2025,47,11.75,ACTV,BC-1
L2569,25350,6/20/2025,7/15/2025,47,9.9,ACTV,ONPG
L2570,25354,6/20/2025,7/21/2025,23,13.6,ACTV,ONPG
L2571,25032,6/24/2025,7/15/2025,35,10.5,ACTV,ONPG
L2572,25357,6/24/2025,7/21/2025,30,11.7,ACTV,ONPG
L2573,25359,6/25/2025,8/1/2025,17,16,ACTV,ONPG
L2574,25308,6/25/2025,8/1/2025,24,8.95,ACTV,ABG
L2575,23684,6/26/2025,8/1/2025,23,12.5,ACTV,ONPG
L2576,25074,6/26/2025,8/1/2025,29,13.95,ACTV,ONPG
L2577,25346,6/16/2025,7/15/2025,24,8,ACTV,ONPG
L2578,25310,6/27/2025,8/1/2025,35,11.7,ACTV,ONPG
L2579,25352,6/30/2025,8/1/2025,35,13.5,ACTV,NSPG
L2580,25367,7/2/2025,8/1/2025,36,11.5,ACTV,ONPG
L2581,25330,7/3/2025,8/1/2025,42,12,ACTV,ONPG
L2582,25117,7/4/2025,8/1/2025,36,10.6,ACTV,ABG
L2583,25369,7/7/2025,8/7/2025,35,12.2,ACTV,BCPG
L2584,24400,7/7/2025,8/7/2025,60,7.9,ACTV,ONPG
L2585,25191,7/8/2025,8/1/2025,41,9.35,ACTV,ONPG
L2586,25362,7/8/2025,8/7/2025,42,10.25,ACTV,ABG
L2587,25363,7/8/2025,8/7/2025,36,10.35,ACTV,ABG
L2588,24007,7/9/2025,8/7/2025,17,13.95,ACTV,ONPG
L2589,23088,7/10/2025,8/7/2025,36,9.05,ACTV,NSPG
L2590,23088,7/10/2025,8/7/2025,36,9.05,ACTV,NSPG
L2591,25377,7/11/2025,8/7/2025,23,13.25,ACTV,ONPG
L2592,25381,7/14/2025,8/15/2025,35,10.45,ACTV,ONPG
L2593,25375,7/15/2025,8/15/2025,24,14,ACTV,ONPG
L2594,25383,7/17/2025,7/15/2025,36,8.7,ACTV,ONP
L2595,25378,7/18/2025,8/15/2025,47,13.5,ACTV,ABG
L2596,25310,7/21/2025,8/21/2025,47,9.25,ACTV,ONPG
L2597,25191,7/23/2025,8/15/2025,41,9.9,ACTV,ONPG
L2598,23684,7/23/2025,8/21/2025,23,12.5,ACTV,ONPG
L2599,25388,7/23/2025,8/21/2025,35,12.3,ACTV,ONPG
L2600,24295,7/24/2025,7/7/2025,24,11.7,ACTV,ABG
L2601,24979,7/24/2025,8/15/2025,35,9.9,ACTV,ONPG
L2602,25310,7/25/2025,8/1/2025,43,10.99,ACTV,ONPG
L2603,24918,7/28/2025,9/1/2025,47,12,ACTV,ONPG
L2604,25393,8/1/2025,9/1/2025,23,13.7,ACTV,ONPG
L2605,25395,8/1/2025,9/1/2025,47,11,ACTV,ONPG
L2606,25400,8/5/2025,9/7/2025,11,14.9,ACTV,ONPG
L2607,25397,8/8/2025,9/7/2025,36,12.2,ACTV,ABG
L2608,24247,8/11/2025,9/7/2025,24,11.5,ACTV,NSPG
L2609,25402,8/12/2025,9/7/2025,23,15.5,ACTV,ONPG
L2610,25314,8/12/2025,9/7/2025,29,11.5,ACTV,ONPG
L2611,25404,8/18/2025,9/15/2025,47,9.95,ACTV,BC-1
L2612,24831,8/20/2025,9/15/2025,35,11.5,ACTV,ONPG
L2613,25411,8/21/2025,9/21/2025,35,8.55,ACTV,MB-1
L2614,25409,8/22/2025,9/21/2025,30,12.4,ACTV,ONPG
L2615,24007,8/28/2025,10/1/2025,41,10.35,ACTV,ONPG
L2616,25110,8/29/2025,10/1/2025,47,8.2,ACTV,ONPG
L2617,25110,8/29/2025,10/1/2025,47,8.2,ACTV,ONPG
L2618,24769,8/29/2025,10/1/2025,36,10.65,ACTV,ONPG
L2619,25110,8/29/2025,10/1/2025,47,8.2,ACTV,ONPG
L2620,25400,8/29/2025,10/1/2025,12,14.95,ACTV,ONPG
L2621,24918,9/2/2025,10/1/2025,41,12,ACTV,ONPG
L2622,25408,9/5/2025,10/7/2025,41,11.9,ACTV,ONPG
L2623,25406,9/5/2025,10/7/2025,47,9.25,ACTV,MB-1
L2624,25415,9/8/2025,10/7/2025,41,8.85,ACTV,ABG
L2625,25422,9/9/2025,10/7/2025,35,7.5,ACTV,ONPG
L2626,25420,9/11/2025,10/7/2025,36,11,ACTV,SK-1
L2627,23447,9/12/2025,10/15/2025,47,8.3,ACTV,ONPG
L2628,23321,9/15/2025,10/7/2025,59,7.8,ACTV,ABG
L2629,25404,9/15/2025,10/15/2025,47,10.27,ACTV,BC-1
L2630,25159,9/15/2025,10/15/2025,30,10.4,ACTV,ONPG
L2631,25417,9/17/2025,10/15/2025,42,12.5,ACTV,ONPG
L2632,25413,9/17/2025,10/15/2025,42,11.9,ACTV,MB-1
L2633,25429,9/19/2025,10/15/2025,48,9.4,ACTV,ONPG
L2634,25423,9/19/2025,10/21/2025,35,9.95,ACTV,ONPG
L2635,25284,9/19/2025,10/15/2025,47,11,ACTV,BC-1
L2636,25434,9/22/2025,10/21/2025,11,16,ACTV,ONPG
L2637,25436,9/24/2025,10/21/2025,18,14.05,ACTV,ONPG
L2638,25280,9/24/2025,10/21/2025,36,10.65,ACTV,ABG
L2639,23684,9/24/2025,10/15/2025,23,12.5,ACTV,ONPG
L2640,25440,9/29/2025,10/15/2025,30,12.8,ACTV,ABG
L2641,24979,10/2/2025,11/1/2025,41,8.95,ACTV,ONPG
L2642,24726,10/2/2025,11/1/2025,17,12.8,ACTV,BC-1
L2643,25445,10/2/2025,11/1/2025,42,11.2,ACTV,ABG
L2644,25443,10/3/2025,11/1/2025,35,12.3,ACTV,BC-1
L2645,25438,10/3/2025,11/1/2025,36,11.6,ACTV,BC-1
L2646,25452,10/3/2025,11/1/2025,39,9.75,ACTV,MBPG
L2647,24979,10/6/2025,11/7/2025,35,9.95,ACTV,ONPG
L2648,25456,10/7/2025,11/7/2025,47,9.25,ACTV,ONPG
L2649,25442,10/8/2025,11/7/2025,35,10.95,ACTV,ONPG
L2650,25459,10/8/2025,11/7/2025,35,12.2,ACTV,ONPG
L2651,23981,10/8/2025,11/7/2025,53,7.9,ACTV,ABG
L2652,25454,10/9/2025,11/7/2025,36,10.75,ACTV,ONPG
L2653,24979,10/14/2025,11/15/2025,41,8.95,ACTV,ONPG
L2654,24979,10/14/2025,11/15/2025,35,8.95,ACTV,ONPG
L2655,25447,10/15/2025,11/15/2025,41,12.3,ACTV,ONPG
L2656,25465,10/15/2025,11/15/2025,47,9.75,ACTV,ONPG
L2657,25465,10/15/2025,11/15/2025,47,10.25,ACTV,ONPG
L2658,25377,10/16/2025,11/15/2025,29,13.25,ACTV,ONPG
L2659,25469,10/17/2025,11/15/2025,59,8.34,ACTV,ONPG
L2660,25470,10/23/2025,11/15/2025,36,10.93,ACTV,ONPG
L2661,25470,10/23/2025,11/15/2025,36,11.51,ACTV,ONPG
L2662,24769,10/24/2025,12/1/2025,35,9.95,ACTV,ONPG
L2663,25477,10/24/2025,12/1/2025,23,15.3,ACTV,ONPG
L2664,25472,10/24/2025,12/1/2025,36,12.7,ACTV,ONPG
L2665,25480,10/30/2025,12/1/2025,17,13.6,ACTV,BC-1
L2666,25483,10/31/2025,12/1/2025,29,12.1,ACTV,ONPG
L2667,25475,11/4/2025,12/1/2025,35,11.85,ACTV,ONPG
L2668,25485,11/4/2025,12/1/2025,24,12.8,ACTV,ONPG
L2669,24922,11/5/2025,12/7/2025,36,9.75,ACTV,BC-1
L2670,23579,11/7/2025,12/7/2025,30,13.09,ACTV,ONPG
L2671,23936,11/10/2025,11/15/2025,49,7.45,ACTV,ONPG
L2672,25498,11/11/2025,1/5/2026,53,7.76,ACTV,ONPG
L2673,25488,11/17/2025,12/15/2025,35,14.55,ACTV,ONPG
L2674,25495,11/17/2025,12/15/2025,29,12.3,ACTV,ONPG
L2675,25500,11/20/2025,12/15/2025,47,8.3,ACTV,ABG
L2676,25500,11/20/2025,12/15/2025,47,8.3,ACTV,ABG
L2677,25500,11/20/2025,12/15/2025,47,8.3,ACTV,ABG
L2678,25500,11/20/2025,12/15/2025,47,8.3,ACTV,ABG
L2679,25470,11/21/2025,12/15/2025,30,13.18,ACTV,ONPG
L2680,25500,11/20/2025,12/15/2025,47,8.3,ACTV,ABG
L2681,25497,11/21/2025,12/15/2025,44,12.6,ACTV,ONPG
L2682,25492,11/24/2025,1/1/2026,41,10.45,ACTV,NBPG
L2683,25505,11/25/2025,11/15/2025,60,7.9,ACTV,ABG
L2684,25510,11/28/2025,1/1/2026,54,11.6,ACTV,ABG
L2685,23678,11/28/2025,1/1/2026,35,12.8,ACTV,ABG
L2686,25508,12/1/2025,12/1/2025,60,8.33,ACTV,ABG
L2687,25513,12/2/2025,1/1/2026,36,12.4,ACTV,NSPG
L2688,25348,12/3/2025,1/1/2026,59,9,ACTV,ONPG
L2689,25191,12/3/2025,1/1/2026,35,9.99,ACTV,ONPG
L2690,25519,12/4/2025,1/7/2026,41,11.7,ACTV,ONPG
L504,23864,1/25/2022,2/15/2022,54,8.2,CANC,ABG
TEST,MAYA,10/9/2018,11/1/2018,48,5.5,CANC,ONPG
